Date,BPCL.NS,IBULHSGFIN.NS,IOC.NS,M&M.NS,NTPC.NS,ONGC.NS,POWERGRID.NS,HINDPETRO.NS,TATASTEEL.NS,Portfolio Value
2017-01-03,0.015690866510538637,-0.0241656229278715,0.05435778415684367,-0.0058871361196942695,0.003944174757281482,0.0013003901170351995,0.023958616934386168,0.03176666666666672,-0.00848966531623363,0.0022875428512678653
2017-01-04,0.007539774037353064,-0.027935069837674575,-0.0066616462955453315,-0.0005071325742704857,-0.0036264732547597323,0.01194805194805193,-0.0069130550385535505,-0.0072044712951895296,0.005335207162190381,-0.005279472245105943
2017-01-05,0.02631759617365037,0.015378640776698926,0.027933286680662528,0.004419202252156307,0.0009099181073703999,0.024897330595482492,0.021954484605086977,0.026033192320208176,0.03414533122783414,0.019070882584204307
2017-01-06,-0.011684170624567947,0.005813508758509833,-0.017529925682192138,-0.005621914058044242,-0.0060606060606061,0.014525419484097135,-0.010741419963322008,-0.013225499524262552,0.0006007810153199067,-0.003813631677808127
2017-01-09,-0.017665771721228296,0.02517301695946461,-0.010278323132001388,-0.013470551604339409,-0.005792682926829218,-0.022463589237225356,-0.01191737288135597,-0.007906662809758047,0.005829080356249516,-0.002907678047665563
2017-01-10,0.011024345429490046,0.02188427299703255,0.011376896149358329,0.007890365448504966,-0.004599816007359703,0.002272727272727204,0.0,0.03508601418991164,0.02347966670812074,0.014714496740016347
2017-01-11,0.0009086778736937529,0.03956442831215967,0.006922411306605092,0.01524515863205611,0.013555144793592211,-0.004031242126480206,0.017421602787456525,0.023881064162754262,0.0378381005613746,0.020691234697271188
2017-01-12,-0.0024285065819337204,0.0136173184357542,0.016213119450014357,-0.015097402597402554,0.05592705167173251,0.009612952188211565,0.043203371970495175,0.007030844006969739,-0.0015454502880157817,0.007115873469625944
2017-01-13,-0.0025026733101267684,0.0312779882879779,-0.009302063366783186,0.0036591396077139127,-0.015544041450777257,0.008769731896767663,-0.004292929292929348,-0.01062441186291474,-0.002696998123827399,0.004797890393231752
2017-01-16,0.015897634742148004,0.023582069610528444,0.003983383599840629,-0.005616501346646485,-0.0020467836257309635,-0.01465474416294088,0.011412629977174849,0.0013499831252108407,0.027113462669018373,0.009969138802488509
2017-01-17,-0.004714863044454454,0.014227907583866273,-0.004987813863855273,-0.005417010734929839,0.029592733665396942,-0.017897655659188327,-0.008274824473420206,-0.01470723412078312,-0.009157928476578592,-0.0012962483984865214
2017-01-18,-0.014279269117978832,-0.01885456885456882,-0.007120478496154936,0.008435455481385468,-0.016789982925441094,0.01642710472279263,0.003539823008849474,0.011692633019249499,0.031031933083784047,0.00029813260576916356
2017-01-19,0.028148385472686943,-0.011608841083491805,0.03201376936316702,-0.0031286020088918676,0.008104196816208331,0.014393939393939403,0.01688082640463584,0.014446869332677581,-0.002554850854978752,0.005506283003076762
2017-01-20,-0.013577581409842665,-0.004379562043795637,-0.02056926840115636,-0.015477370333663698,-0.02124605225380416,-0.017674881752551608,-0.01189296333002976,-0.004635942187073971,-0.027074392792145074,-0.013682839563466498
2017-01-23,0.0185030575174312,0.006998133830978359,0.015325235554546568,-0.0026508732781906907,-0.004986799647990647,0.013177901672579928,0.004012036108324901,0.03887366818873672,0.016050066971502464,0.011183122106701138
2017-01-24,0.0078870992755391,-0.005691971672513119,0.02526833631484804,0.026747413575574086,0.016214622641509413,0.008504252126062983,0.01573426573426584,0.011808831716822565,0.00531854444621227,0.010101798510397497
2017-01-25,0.04220429516628932,0.005724555681288601,0.036804798255180016,0.01892356844433518,-0.0058021467943139005,0.016369047619047672,-0.001229407425620832,0.05117289313640305,0.011304288847188593,0.019769729607636677
2017-01-27,-0.009069242612785522,-0.002779800119134257,0.009834341309492567,0.006351503457147523,0.03589145024803031,-0.0019521717911176184,0.007139340226489432,-0.017191503430035393,-0.0004247613511882964,5.537324481386108e-05
2017-01-30,-0.00012770576591536464,0.017787217096966845,-0.016248307467972123,-0.004873372213789251,-0.010140845070422566,-0.012958435207823915,0.0056220972867269126,-0.013063100944692208,-0.015454464125961631,-0.002243949350857477
2017-01-31,-0.03265427762522077,-0.02099771763938707,-0.030174695606140833,-0.004415542710340392,-0.019066590779738157,0.003467921724052525,0.007292173067574126,-0.012781549123753844,0.002180777356261654,-0.01302081051478654
2017-02-01,0.016284136170587438,0.020515553187237634,0.02472707423580789,0.05023788404160956,-0.008413112851755167,-0.011602073562083426,-0.006756756756756799,0.0335471991253562,0.024933699027585687,0.022472974132701218
2017-02-02,0.01320832340904654,0.019646237190783955,0.01901667288126574,-0.02876228501228506,0.009654768870684505,0.0032467532467532756,-0.008989310009718143,0.02449684046432643,0.004953889024039704,0.005059173224586377
2017-02-03,-0.004701557925330668,0.01651517091281529,0.01244119184526915,-0.0033519376413110313,-0.003477252970153555,0.0004978839930296353,-0.011032115714635915,-0.01483574708583546,-0.008714596949891185,-0.0003484430929076021
2017-02-06,0.009662250660253724,0.0051637279596976615,0.023595621643948794,0.004124692631078064,0.009595812736260534,-0.009703906444389121,-0.0029747149231531544,0.01351463165733513,0.0012876012876013032,0.005862221940553969
2017-02-07,0.01603470642026239,0.03752662573612331,-0.011954602774274958,-0.0054980646180583514,-0.003456221198156695,-0.02864321608040199,-0.005967180507210346,0.014422946090837385,-0.0012859455025164834,0.008265243876244721
2017-02-08,0.005358226761831064,0.008936658414346876,0.010210332856851023,0.01458369739622234,-0.0063583815028901425,0.005690636316606268,0.006003001500750393,0.02502883815757717,-0.004551004551004545,0.008413362532984525
2017-02-09,0.008827264588928463,-0.01795439583458014,-0.020972306448352573,0.011273780631018582,-0.021524141942990127,-0.007716049382716084,0.005221282943808969,0.006542789845590091,-0.02292595896520966,-0.005532067117156481
2017-02-10,-0.015560187382627877,-0.008775671887378822,-0.01915036390853242,-0.010869396918789187,0.012782401902497131,0.0038880248833592645,-0.011130348750927554,-0.009100364014560602,0.018145713503149752,-0.005769606607431532
2017-02-13,-0.0013835607823408091,0.02280971411005228,-0.00036838227554991665,0.016436297606561956,0.012621074258878817,-0.007229537825974686,0.01575787893946967,0.01162424560482811,0.009393144573721646,0.011634664691470675
2017-02-14,-0.03148812897537634,-0.009858138975715303,-0.014477494077388742,0.002448677867956217,-0.009565217391304337,0.017945383615084465,-0.010834769761142615,-0.055585816927346765,-0.0004219784124729342,-0.01306096242227639
2017-02-15,-0.025077486615948108,-0.009045653229723172,-0.01388888888888884,-0.0007681435506667889,-0.010535557506584747,-0.0038323965252937686,0.0029873039581778116,-0.03845097500686623,-0.026040393716532995,-0.014206798947686838
2017-02-16,-0.0078479324144064,0.019175396679532053,0.018309859154929553,0.014605946926601332,0.007394262052647038,-0.004360092331367027,-0.0014892032762472418,0.009625821193944617,0.021421238736169634,0.01095844416721925
2017-02-17,0.014341093956573348,0.02698966097619615,0.024736674114267387,-0.0020305491574735823,-0.003229594832648286,0.0015455950540959051,0.006959980114342512,0.02413217529068956,-0.003729843212578743,0.011501032143910184
2017-02-20,0.0312810656769833,-0.007550482879719045,0.0006229559258683626,-0.0009262352333809787,0.012076583210603786,0.004629629629629539,0.019254505060478877,0.026160220994475125,0.04026273903199051,0.011746723654787905
2017-02-21,0.005291005291005346,0.02494692144373678,0.015045395590142618,-0.003252427922245671,0.004074505238649495,0.00486431131592413,-0.0014531363526277818,0.009314345707594152,0.008016723056698982,0.00920713965980302
2017-02-22,0.014702748774770846,0.004258012543874701,-0.003220035778175312,-0.00035070063888509306,-0.033623188405797144,-0.0033121019108279803,-0.022071307300509324,-0.015282852799189284,-0.014067343666488541,-0.003761805888598313
2017-02-23,0.004682906341873183,-0.009339368589927233,-0.01266536765459958,-0.00485051860890795,-0.007198560287942413,0.002044989775051187,-0.01215277777777779,0.031067172264355403,0.003512804388837054,-0.0004813926438752558
2017-02-27,-0.01385782664130597,0.0038172353961827277,0.002077382498052449,-0.008430152355844434,-0.0006042296072507058,-0.006632653061224514,-0.03213658046698464,-0.019807182073712015,-0.010587955660234627,-0.007981603614689137
2017-02-28,-0.05320050869012294,0.004033187370361846,-0.0022285566208861685,0.01415940147158845,-0.014812575574365217,-0.005906522855675389,-0.003112840466926059,-0.039208854822715966,0.004367861276725948,-0.008334876829042437
2017-03-01,-0.015827177076337517,-0.0008033972225410801,-0.008674423436526135,0.027892939885379775,-0.0184105553850874,0.0015499870834410068,0.002602133749674662,-0.035704323570432406,0.036552219008893605,0.00301954924666914
2017-03-02,-0.036849168619066064,-0.021479439467034234,-0.013099292638197535,-0.017616180788279645,-0.025007814942169415,-0.005932421975754498,-0.015053205294575656,-0.021203355510558297,-0.011390811831340497,-0.019775358250265995
2017-03-03,-0.0036841980964977816,-0.01121023594318582,-0.004406689673480235,-0.0022188679245283005,0.0009618467457519486,0.0018162947586921607,0.005797101449275255,0.030824245648255033,0.0009124281197614437,-0.0002734426720242267
2017-03-06,0.007490459146182626,0.01341485130883835,0.01093216723549495,0.005854499795773238,0.014734144778987934,0.0038850038850037905,0.015719151165836998,-0.005361238532110013,-0.004854780580877627,0.006411825167637497
2017-03-07,0.013104957297132014,-0.0016400164001639794,-0.0011605211795115977,-0.007174011129493119,-0.0063131313131312705,0.013415892672858698,0.0036110394635027188,0.01423918369699928,-0.021708101659530188,-0.0010785171961986695
2017-03-08,-0.010682768230376172,0.004224112643003819,-0.010404013731185713,-0.01264902367715448,-0.001905972045743276,-0.017566191446028556,0.005397070161912154,-0.024156648762327038,-0.01981621009537915,-0.009055579262093327
2017-03-09,-0.010962441314553928,-0.004848980545656412,0.0,0.0002915094050139899,0.007638446849140612,-0.01710287639284791,-0.005879345603271968,0.001252293444389485,-0.006353861192570753,-0.004135658858719915
2017-03-10,-0.01367099423254936,0.005753199483386151,-0.006137261180488851,-0.0009049496142460312,-0.00758054327226787,0.01028209860268925,-0.009771149395731538,-0.005148342059336786,-0.0036220542860977423,-0.0020720637058018188
2017-03-14,0.0214163678802608,0.05521830492645341,0.0041346721795629815,0.01783904940280623,0.01591343093570985,0.0015657620041753528,0.00571280186964418,0.011519457357541674,0.010277353917960808,0.023558321458690745
2017-03-15,-0.00032982307347972917,0.00962495851310985,-0.01133689839572194,-0.0018401206636500245,-0.005952380952380931,-0.0062532569046378494,-0.0036147689129873983,-0.006850304939734597,0.013748833903425073,0.0017586676175025406
2017-03-16,0.01767492281950367,0.037694499232960865,0.01725443530938997,-0.002009731330653741,0.01638827607942006,0.0057682223387520715,0.011142783104431286,0.009516880093131563,0.04300957472448008,0.020564962137326503
2017-03-17,-0.008707130120649387,0.018848996832101284,-0.0007444036794811426,-0.012915436444848272,-0.008062015503875974,-0.009384775808133461,-0.0056381342901076215,-0.013376769394874088,0.005083606419628683,-0.0002779005171729132
2017-03-20,0.0023360665311749074,-0.0011918951132300348,-0.013036769009737714,-0.0027917535893974277,0.00906533291653644,0.004473684210526407,-0.0020618556701030855,-0.0038862753119247584,-0.011035405258537856,-0.002537937015797409
2017-03-21,-0.002656909129046481,-0.03341288782816232,0.003073107612680648,-0.004460852176588204,0.004646840148698983,0.016767094576892738,-0.0018078512396694224,-0.012026987386330346,-0.0005072065598715758,-0.010146922759651011
2017-03-22,0.0048372397354707886,-0.028180354267310803,0.0017737167428111267,-0.018201483312731748,-0.008633980881899483,-0.007987632053594429,-0.005950840879689556,0.011371733966745845,-0.01672516598299989,-0.012334347822414604
2017-03-23,0.01558139534883729,0.03104114885390774,0.010838072754587369,0.002927197758962663,0.022706065318818025,0.005714285714285783,0.004945340968245615,0.021137304406540824,0.015160312237920026,0.016712941055740282
2017-03-24,-0.008174948477215449,0.027535222585310937,-0.010881104033970246,0.000972884760231052,0.0012165450121655041,-0.008780991735537147,0.0036260036260036266,-0.006986171405571784,-0.004639044229791667,0.0042840841228140025
2017-03-27,-0.010066261861334969,-0.001720452531150607,-0.004829621679635077,-0.007869572033234018,-0.0075941676792223856,-0.015633142261594624,0.005677419354838786,0.00037637521713951294,-0.033858988273851254,-0.008615370871336125
2017-03-28,0.0043379900646034475,0.0051180279924796235,-0.0050148287948234005,0.008880040450006232,0.00948882767064596,-0.010587612493382692,0.009494482935591408,0.0005788209417416645,0.007753645535045539,0.0046661466414728014
2017-03-29,-0.00441214035250681,-0.001039176971838307,0.0029807066984608444,-0.004964761158966269,-0.005761067313523327,0.0002675227394328683,0.0007625826131163471,0.00222717149220486,0.008765027322404473,-0.00041763835321562137
2017-03-30,-0.003801926620483842,0.030479558930614825,0.017993191765278027,0.007224591944343883,-0.005184507471790223,-0.016314522599625514,-0.007112014224028407,-0.004704184704184766,-0.014257545881996125,0.006191481665306808
2017-03-31,0.014352610629829066,0.0072178477690287846,0.02717622080679405,0.005516314539317335,0.017780502759043637,0.005981511691136587,0.009465336403172264,0.01612201699191007,0.010902776251291213,0.010673667254693653
2017-04-03,-0.017611892066569768,-0.0018541718867451928,-0.015243902439024404,-0.0003108244618851286,-0.008132530120481873,0.00432432432432428,-0.005575266092245346,-0.013412093713437767,0.006523299049772779,-0.0044063674491322535
2017-04-05,-0.0010103383458647253,-0.009639522040365445,0.0005772157212571294,0.003311309755149594,0.011235955056179803,0.0024219590958018955,-0.006116207951070374,0.009169004714661755,0.015316813929875384,0.0009887580700107534
2017-04-06,0.013241762118681999,-0.009429179762749706,0.011537654709460776,-0.0014410114971025179,0.007207207207207134,0.006979865771812088,0.011282051282051286,0.0022929206076238717,0.016936890931528836,0.003060185492617773
2017-04-07,0.04510213556174558,-0.021647901740020514,0.030070510161758657,-0.010349910776631166,0.0032796660703637848,-0.006131698213809655,-0.011156186612576113,0.021446954532456486,-0.01684311838306063,-0.0016385212483654987
2017-04-10,0.03695888767963029,-0.02160380812889051,0.03498087376686132,0.004107999623694569,-0.008915304606240682,0.00026824034334760327,0.0015384615384614886,0.011954087346024656,0.004362723190533879,0.002964678057514103
2017-04-11,0.01441514768565133,0.002085115483319022,-0.004279531196809905,0.0005933791380388076,0.0014992503748125774,0.007508715473317329,0.019713261648745428,-0.006833208841674265,-0.01464169174047536,0.0011845697394772259
2017-04-12,0.00971283783783794,-0.0004801792669263394,-0.0005860805860805618,-0.0012640843971410964,-0.012275449101796454,-0.006121905775885006,-0.007783078081847861,0.007325905292479229,-0.021912564780766974,-0.002501162531539758
2017-04-13,0.019238812212463374,0.021458311092132032,0.0321067292185897,0.00043752050877388093,-0.0018187329493786208,-0.010176754151044465,0.012145748987854255,0.03088792412133934,-0.029021194266115602,0.009467011657223745
2017-04-17,-0.010053344275748888,0.021216555183946495,0.004876893939393945,-0.008715345568137467,-0.032493167324628036,-0.009199134199134207,0.011500000000000066,-0.004211373390557882,-0.0024680735440629764,0.0009400088535718165
2017-04-18,0.0006217616580310725,-0.01519803500153516,0.01507798143523531,-0.0048686719082357,0.015065913370998052,-0.01174221736755876,0.00024715768660410475,-0.006357244834738651,-0.02703438883214171,-0.0077559801036316545
2017-04-19,-0.0018019884009942144,-0.0053000779423226785,0.010212133871791318,-0.0029449950916748957,0.019789734075448262,-0.006079027355623046,0.0437361008154189,0.0010843928755388532,0.0018896976483764316,0.0017966361908012818
2017-04-20,-0.0021994895524246605,0.023089379930000486,-0.018287919863989477,0.009734485168011231,-0.0072771376591873604,-0.004170141784820669,-0.010890151515151492,-0.0008124136810463423,0.0080801024566306,0.00607234077613894
2017-04-21,-0.00763200033273026,0.01087567015573132,-0.00594430142756841,-0.010615711252653925,0.02138057422113615,0.0064209938581798465,-0.015797032072762063,0.006585901292788021,-0.007807447103390985,-0.0001747101585768407
2017-04-24,-0.00132020117351217,0.01666835033841796,-0.006733214050287262,0.005086631696073818,-0.0038875598086124397,0.006657420249653212,-0.0036478599221789754,-0.001077005923532548,-0.000325930064720259,0.004614246280617129
2017-04-25,0.0342656902448748,0.009141494435612074,0.034605356719601854,0.033876324529495516,-0.006604623236265428,0.00027555800496004146,0.018306077617769034,0.005579514824797904,0.00875640428504898,0.017062239942165602
2017-04-26,-0.010286062081558134,-0.004627806222922359,-0.006277205040091549,0.03466315853882396,0.0009066183136898776,-0.007713498622589521,-0.01390220517737295,-0.042458519848821874,-0.001869978760735136,-0.0024797915692431616
2017-04-27,0.005821700182440548,-0.006429913938075016,0.02199372925119869,-0.01150240988793283,-0.009057971014492794,-0.005552470849528035,0.009965969859017987,0.012428967331970853,-0.017508962646004322,-0.0027458029397502415
2017-04-28,-0.022764791000061124,0.012495021903623948,-0.007353936386194526,-0.0012264433143882592,0.0024375380865326868,0.04159687325516481,0.001203369434416457,-0.011723394254430697,0.007627477753189726,0.0016197833841919973
2017-05-02,0.028633993743482744,0.054673287772260215,0.00681756203981454,0.004028272784449838,-0.014589665653495398,0.03135888501742157,-0.009615384615384581,0.03069132417536302,-0.009345357693565703,0.02197519275896731
2017-05-03,-0.004926707621190962,0.010302549997668997,-0.002573131094257719,0.005757155428281813,0.0,-0.006756756756756799,0.024514563106796006,-0.04052660152008691,-0.009551436253006917,-0.0008712332937078626
2017-05-04,-0.006377343113284417,-0.006229235880398698,-0.014166100927811787,-0.010202719736627452,0.0033929673041332986,-0.01151229722658298,-0.0018952854773750527,0.0023481483577107998,0.0037383622639712843,-0.005132151590205192
2017-05-05,-0.00922755141796705,0.027069694014951073,-0.005830502249563829,-0.010217993857217778,-0.018137104211497057,-0.026998411858126015,-0.007832898172323799,-0.014959074230877834,-0.019998102196707168,-0.0018137033604993524
2017-05-08,-0.012624956019620437,0.012613019891500876,-0.01062110367120761,0.00914278794484047,0.005635566687539173,0.011697497279651747,0.004784688995215225,0.014527220630372373,-0.003921473699499134,0.005048982269053592
2017-05-09,0.008091055819900772,-0.030358498147238677,0.028611435239206617,0.00773996130019361,0.0040473225404731306,0.0008066684592631379,-0.007857142857142896,-0.007060750699014351,0.003693892925709097,-0.0054420336574519945
2017-05-10,0.009502422389952692,-0.002808600764307778,0.001588165895271887,0.024366283137103206,0.005891472868217118,0.009940891993551748,0.010319174466042691,0.0034985920300367734,0.009103895789448035,0.007456269166554064
2017-05-11,0.0032955715756952664,-0.012605042016806678,-0.021338286594482114,-0.0001743679163033196,-0.012022194821208365,-0.02314445331205106,-0.01092636579572448,-0.004251700680272141,0.008469899464932817,-0.0061588160365589895
2017-05-12,0.0034284541161979654,-0.014449380406827195,0.006619757429867645,-0.006045808626903848,-0.008736349453978165,0.006808278867102446,-0.009365994236311237,0.016595502419584518,-0.010088032357839505,-0.004497766972331729
2017-05-15,-0.00724267037665971,0.008540520022774611,0.016555530006898245,0.005717042928997662,0.0056657223796034994,0.010278604273735503,0.0021818181818182847,0.002716097779519977,0.044320530692688376,0.009458254138484001
2017-05-16,0.007501597180718411,-0.009126834776063242,0.010178692603483475,-0.006774929851853018,0.00125195618153362,-0.008567603748326658,0.0033865505563619447,0.009019826864004488,0.0010817031070196048,-0.0014384478437746706
2017-05-17,-0.007977580951991303,0.027442787959358173,-0.005239587998208561,0.009119252894594254,-0.006564551422319487,-0.0035106670267350815,0.0067502410800386325,0.0028782553344586237,0.08182173483228738,0.017483751356248245
2017-05-18,-0.017258799513371947,-0.026062846580406696,-0.009814072840228727,-0.018827966347548575,-0.006922592825676532,-0.019512195121951237,-0.002634099616858232,-0.01859977371195176,-0.015492179530771977,-0.018379089094970213
2017-05-19,-0.017415023080151082,-0.013095464034921234,-0.010229597635826315,-0.014369770261080328,0.00823827629911289,-0.004698728579325628,-0.01200480192076836,-0.022664004724010978,0.0066699764716040555,-0.010834199049733484
2017-05-22,-0.009758701686952809,0.012115384615384528,-0.023059255856683447,-0.02035398230088492,-0.0056568196103079504,-0.01610663704526516,-0.015795868772782495,-0.020542624507293383,-0.006325585384681309,-0.0073836541357791274
2017-05-23,0.005692967890798428,-0.0021375641269237855,-0.0025860447620839055,0.019521381654494574,-0.007901390644753481,-0.014112334180073405,-0.005432098765432047,-0.021619716241224385,0.008221661163980043,0.0011251856287746165
2017-05-24,0.017646932692926276,-0.010520302756224065,0.014802243907037882,-0.017345467651829205,-0.003185727938833982,-0.005439450329229878,-0.007447864945382299,0.00018014231242702294,-0.014361542742177047,-0.005587416376521714
2017-05-25,0.02100716392751778,0.006061772346771965,0.019556835601802547,0.014396405483471542,-0.0006391818472355482,0.002590673575129543,-0.0047523761880940985,0.018221114880076827,0.0027795270461008492,0.00988619412546976
2017-05-26,0.03136801700476721,0.03868592195868392,-0.02943320575906705,0.010048964218455803,-0.002238567316917184,0.009187482055699192,0.016335762754460914,0.11556603773584895,0.05580458650035758,0.033476323774520145
2017-05-29,0.006923184664946014,0.01929008793333642,-0.01591399868556931,0.014334297902807158,0.0032051282051281937,0.0,0.03412462908011871,-0.0358615221987314,-0.007916974321109271,0.0053241392856866465
2017-05-30,-0.021322258211950884,0.005962059620596261,0.0006678433430327146,0.0007646721468170803,0.030351437699680517,0.016500711237553256,-0.023912003825920625,0.012444152070827386,0.008186892702088056,0.0019744097980087805
2017-05-31,0.00527918781725889,0.04220545977011492,0.023644944462983375,0.0410256410256411,-0.006511627906976791,-0.009235936188077276,0.01886330230279265,0.00027073124509291446,-0.013964647500307681,0.019735981218488963
2017-06-01,-0.004908099373863939,-0.013398242288471529,-0.03632468681600154,0.005871808262876366,0.002808988764045006,-0.016949152542372836,-0.0014426544842510713,-0.02346604595772317,-0.014973484454611663,-0.010150036357963521
2017-06-02,-0.019221791462845306,-0.011527880878564267,0.0022712994732516645,-0.004742994260696354,0.012138188608776801,0.0,-0.007464483505899344,-0.008231707317073123,-0.01045075477673385,-0.00841376400281646
2017-06-05,0.005173841059602724,0.03383840614922473,0.017454194792671185,0.0036658442016215265,0.0,0.010057471264367734,-0.0038816108685104656,0.010172428248050647,-0.001322807766161671,0.013071241985885385
2017-06-06,-0.004117768169652036,-0.027090543947357215,0.006065775755852654,-0.008611364753810524,-0.027675276752767486,-0.0244665718349929,-0.009011203117389233,0.005615957064210031,-0.002029567595282833,-0.012176359845341156
2017-06-07,-0.01137068430845567,-0.000527032368571323,0.006500235515779718,0.014495834041829747,-0.0015812776723592714,0.0034995625546807574,0.007864340132710756,-0.009270976616230997,0.001113180485089682,0.0011809006608944905
2017-06-08,-0.01457549142618153,0.007426286417365979,-0.02012354923249715,-0.010056568196103122,0.0,-0.008718395815169977,0.011216776396000938,-0.0024990975481076205,0.016614989842831163,-0.0006012675231106268
2017-06-09,-0.004371538314623558,0.007807729215737691,0.003056643423440475,0.006490299823633139,-0.0003167564143173873,-0.0079155672823219,-0.0007234145165179173,0.0015032152103109375,0.016112069328173106,0.004807913856930357
2017-06-12,-0.0029200503015963664,0.0006924908028564936,0.008570612322635895,-0.0022008831569355625,0.000950570342205248,-0.004137115839243477,-0.004826254826254872,0.009895210829141021,0.002670365156909771,0.0007541708706595429
2017-06-13,-0.003847798204360875,-0.002162536222481748,-0.009158719667642146,-0.004144539042962747,0.012978790756568603,0.0035608308605341588,0.01964112512124161,-0.008064294167836494,0.00039226211367360264,-0.001331534192168693
2017-06-14,-0.010021459227467777,0.006328290928004909,0.002239374880884215,-0.00878913138552262,-0.00031250000000004885,0.0023654642223536193,0.0011890606420927874,0.011293007769145325,-0.011701337295691117,-0.001052881146799023
2017-06-15,-0.031214098367762788,-0.01016496532713096,-0.03246969336819583,-0.012482208938229378,-0.005626758361988116,-0.013864306784660774,-0.0007125890736342511,-0.05149943753944075,-0.00018793459875954266,-0.01634834270781227
2017-06-16,0.005079095160315905,-0.01744919716287363,-0.005994496855345921,-0.00025942954325985923,0.009745363093366821,0.0,-0.0019015925837889691,0.02236042811686434,-0.0011904761904761862,-0.0028201682242019466
2017-06-19,-0.009861976847729381,0.00039858281665194895,0.006426099851705391,0.0006919916384344749,0.002179327521793173,-0.006580915345498095,0.01166944510597756,0.0007639419404124048,0.03504589841707961,0.004300756339908007
2017-06-20,-0.0035973649301885846,0.0,0.011051080550098291,0.0008499848731504667,-0.012426219322770993,0.01836796145739239,-0.019303201506591372,0.00856658184902459,0.005394048364613546,0.0010077615776000748
2017-06-21,-0.015569645959789713,-0.0068174775333126325,-0.008355598736944359,-0.0016409488714876908,0.005347593582887722,-0.02542874039030163,-0.012481997119539123,-0.010820508507835114,-0.009002129968251449,-0.008242902951140274
2017-06-22,-0.01925413161574252,-0.006685981724983248,-0.03615343163670204,0.006589001989676824,-0.005319148936170248,-0.026395631067961167,-0.016528925619834656,-0.03258990563096886,-0.005109696256944685,-0.010785265443310266
2017-06-23,-0.01722485801762208,-0.010993942113529331,-0.025667090216010213,-0.014395187280670352,-0.00692041522491349,-0.014646307260828939,0.018289668808699977,-0.00703049477106954,-0.01504096523050591,-0.011673151750972721
2017-06-27,-0.029655172413793007,-0.019963702359346636,0.018257694314032236,-0.004287167562854188,0.0003167564143173873,0.011701454775458586,-0.0012135922330097637,-0.012006962268047316,0.007180102632014629,-0.008773521953823527
2017-06-28,0.007597480577408611,-0.00449074074074074,-0.008350409836065498,-0.010391884988688593,0.011082963901203335,-0.011566114410753392,0.008991494532199162,0.020692744102717375,0.01898305084745755,0.0019980450394896376
2017-06-29,0.015177681025466239,0.019020601776496227,-0.0007232525701297288,-0.00029497219887020254,-0.006263701847792014,-0.0015812776723592714,0.0019267822736031004,-0.008864055232132961,0.027762656505171623,0.009739186519933885
2017-06-30,0.02132400507942589,-0.01775282949981749,-0.0042909579692912425,-0.005207795464939657,0.0018909549322407848,-0.0034843205574912606,0.012259615384615286,0.004220779220779347,0.020009416195856833,-0.00026082628703139044
2017-07-03,0.015553522415370669,-0.000789852715699535,0.004413291796469432,0.013228533293786038,-0.01384083044982698,0.011443102352193257,0.0042745191165993734,0.012932428063368917,0.008885298869143687,0.006674103042613844
2017-07-04,0.012081312081312134,-0.02245884869338788,-0.013026621866115251,-0.008255027663124581,0.008293460925039797,0.005028284098051561,-0.003546937810357087,-0.009749586513072117,-0.0055472949788403225,-0.0084625189745543
2017-07-05,0.007463538219250054,0.009275555344146813,0.01005604148117123,0.02201954012810292,0.006010756089845026,0.01813633520950586,-0.003084954912197402,0.008966507457438544,0.004389748308317731,0.010244360400919472
2017-07-06,-0.0031037607612143248,0.02101988877368277,-0.010630023334197602,-0.006454873646209336,-0.005974842767295652,-0.006756756756756799,-0.0009521542489883128,-0.014317660383934117,0.008531185586685863,0.0030888724031692405
2017-07-07,0.0059086880439969125,-0.01638663220088621,0.0017295597484277003,-4.3602749880133906e-05,0.006327111673521069,-0.012987012987012991,-0.0019061234214915457,-0.015026517383618154,-0.002327649830630385,-0.005969222185082779
2017-07-10,0.0010618349411470884,0.003754282228166428,0.003139224611520941,-0.006249999999999978,0.0062873310279785155,0.01754385964912286,0.009071377417044557,0.022225545916841227,0.01083080424886207,0.005192212475607638
2017-07-11,0.020537124802527673,0.014633690214596262,0.01053564908986604,0.01664472721954069,0.02030615432677285,-0.013238916256157585,0.002838892831795503,-0.003891961490065321,-0.00446604492315783,0.009519494681831997
2017-07-12,0.00796107916850941,0.020781494793106647,0.013161290322580621,-0.009682338723600137,0.0045927740355173885,0.016224648985959433,0.009672092474640293,0.05537602820211518,0.004033702146909679,0.012618197758156091
2017-07-13,0.006033347959631508,0.019410463594095706,-0.02964849719816609,-0.004576160383525818,-0.0009143553794574988,-0.024255449800429818,0.005140186915887801,0.04411969380654135,0.008692060750558506,0.008441297424322203
2017-07-14,0.004906771344455274,-0.005535137049993311,-0.020632087358252837,0.0037653239929946736,0.020744356314826184,-0.0034612964128382107,0.00046490004649002437,0.03279125566515595,-0.009845523915875565,0.001177919502872049
2017-07-17,0.01443142361111116,0.017410276961439042,0.0011793084963815925,0.0065718689115705775,0.007471607890017884,0.01073571203031265,0.0069702602230483635,-0.02465152297367057,0.0024999530084020005,0.0069341472938448945
2017-07-18,0.0024601561664350236,-0.0003938903234277369,-0.0037479252556620324,-0.0032067022966921765,-0.005932957579353304,0.010309278350515427,-0.00599907706506686,-0.025539235146222028,0.0062624217197286836,-0.0023267248939286
2017-07-19,0.0026675202731540892,0.006654991243432606,0.008061482237867512,0.0016230002318571302,0.0014920919128618149,0.008039579468150926,0.015088207985143987,0.042096686583378506,0.014012074234180494,0.009981505380714628
2017-07-20,-0.005640097903586216,0.007959290187891543,-0.0015994028895879309,0.007986111111111027,-0.014004767580452882,0.017484662576687127,0.00022867596615605557,-0.041308313786812656,-0.02451304667401688,-0.004255993480180131
2017-07-21,-0.00010702054794520244,-0.018381877022653703,0.016980829817909937,-0.00529624526352046,-0.003928679359323062,-0.009044317154054848,-0.015546410608138994,0.00040777490825072427,-0.00708284670157866,-0.007836004698571375
2017-07-24,-0.00203360804880659,0.017407358565211695,-0.00724599632449463,0.00207783212847934,-0.00455097087378642,-0.006693033160937056,0.00673478866697641,0.003532608695652195,-0.008575222917852399,0.0038929328882812975
2017-07-25,0.0015015015015014122,0.035083171311298234,-0.00883270746284448,0.0006191772142785101,-0.0009143553794574988,0.0003062787136294265,0.0011534025374855261,0.012726780395342585,0.008113590263691517,0.012465380986679708
2017-07-26,0.009638038123795267,-0.007179529991234279,-0.00309498399146213,0.017052813354439422,0.014948139109212999,0.004286589099816274,0.0013824884792625891,-0.009224598930481331,0.023138832997988024,0.00484961436046949
2017-07-27,0.012303775986423515,-0.025562329199075084,-0.012686007922064091,-0.010824195259992897,-0.005710850616170715,-0.006707317073170738,-0.002991256327657621,-0.009040615301578736,-0.007959036010463771,-0.011207973216533773
2017-07-28,-0.0033528918692372622,0.014367692108555818,-0.0029818378964489023,-0.00429123158346445,-0.009068923821039854,0.011356660527931162,-0.009231479344564919,0.019744008714597028,-0.0166442250149611,0.002067329388599992
2017-07-31,-0.009356602186711527,-0.00021267545725223158,-0.0004350190320826508,0.007972992386151345,0.0018303843807199183,0.028224582701062317,0.040298159795015165,0.02336760582187214,0.027537940740177236,0.00945990484744641
2017-08-01,0.030669638119494858,0.04250159540523302,0.007398542052007295,0.01849925176369993,0.006090133982947554,-0.011806375442739103,0.0049261083743843415,0.00926409185803756,0.009346659263372192,0.02179314951386635
2017-08-02,0.001441515650741243,-0.02403689193601044,-0.0007020196565503678,-0.010257056098960327,0.0402542372881356,-0.01194743130227005,-0.01158645276292336,-0.004524886877828038,-0.005519391216649905,-0.009493354407994592
2017-08-03,0.0076084721365412555,0.003345180848839613,0.04577141313158606,0.001343135868796752,0.004073319755600879,0.0018137847642079041,0.005184851217312936,0.030649350649350593,-0.017461371095622624,0.00531916203497329
2017-08-04,0.05693877551020399,0.011210668889351849,0.0824720959073999,0.0011013060360043347,0.02781802376122866,0.004224502112251116,0.007400762502803415,0.09022177419354849,0.029575693884061893,0.02861069128623206
2017-08-07,0.018922571925082066,-0.011292449719749409,0.029215199541722248,-0.012199765877325408,-0.01635184663095579,-0.0030048076923077094,0.0060106856634016825,0.05894590846047154,0.04203197054481156,0.009544697906024746
2017-08-08,-0.042922114837976144,-0.0030846185910796686,-0.04160482374768082,-0.0005425626088695346,-0.018916595012897663,-0.011452682338758291,-0.013498561628678907,-0.0479153023357346,0.027339991953681198,-0.01185817369499953
2017-08-09,-0.018018018018018056,-0.03077437698611807,0.0018874316410975034,-0.005499999999999949,0.014607069821793717,0.010365853658536484,-0.004486316733961382,-0.014903129657228065,-0.018507798133896358,-0.01516591071854867
2017-08-10,-0.029136001613065843,-0.002157031924072461,-0.009032943676939298,-0.003763556704733162,-0.005758710048949012,-0.012070006035002967,-0.020279405137449302,-0.040032584661934156,-0.0011449388498568913,-0.011344161998511515
2017-08-11,0.005815160955347842,-0.0057068741893644415,0.003655861564708651,-0.0281170244978588,-0.022009846510280928,-0.02474037874160051,0.006899724011039554,0.04024730270335808,-0.012574028725750641,-0.004790777385765499
2017-08-14,-0.012285773281024204,0.02248021567092784,0.018601262748907388,0.005711911932703373,0.01717500740302036,0.012840588787973672,0.017587939698492372,0.022258478032863405,0.04523788584996913,0.017651565729601915
2017-08-16,0.011706909166927959,0.02836487348500949,0.006770609831688201,0.011388446332684321,-0.009606986899563297,-0.004638218923933235,-0.009203142536475917,-0.005015959872321063,0.01194743130227005,0.01175080735357481
2017-08-17,0.020146709370802762,-0.007154081548259028,0.009471939379587901,-0.003063010501750285,0.03938859494415059,-0.0021745883814849876,-0.005663797009515137,-0.005614115490375826,-0.009195669887091196,-0.0004498339442778887
2017-08-18,0.019445007089325506,0.0016243908534299134,0.0024865118461179225,0.002194586686174116,-0.019230769230769273,0.0018679950186799577,0.01594896331738438,0.01947228943426671,0.00040279269602594425,0.005426768547244443
2017-08-21,-0.011027220345718236,-0.0030771789753826218,-0.03313365780606525,0.006321167883211798,-0.008073817762399127,-0.023306401491609674,-0.01188607311056289,-0.01943942133815546,-0.006559522211783686,-0.007692655668542159
2017-08-22,0.025313912606730327,-0.01864519896554606,0.02420135527589551,-0.0029013679950096183,-0.025000000000000022,0.014635698377346573,-0.0036314117113027677,0.03665283540802222,-0.0031241028758633993,0.0010797063198810797
2017-08-23,-0.0012736357401783582,0.03859395588047776,0.008648393194707005,-0.0003346281989728972,0.015205724508050134,0.0015678896205706394,0.001138952164009055,0.01823437847453868,0.024207209649004024,0.01723030462814279
2017-08-24,-0.002942907592701549,-0.009330877839165086,0.0031392025488450326,0.0006985882695387247,-0.007342143906020504,-0.0015654351909830666,0.005460750853242269,0.0181262284341559,0.006930087163625975,0.00010367113630627145
2017-08-28,-0.00039354584809125903,0.010658074110794447,0.02919196637085464,-0.0015270950289421048,0.025443786982248584,0.007212292254625385,-0.01742475673229238,-0.006220506220506183,-0.004927726675427069,0.003204048409402027
2017-08-29,-0.007677165354330717,-0.017126507255262657,-0.01406852734286368,0.002825805135973525,-0.028274668205424125,-0.02085927770859275,-0.008291110087517262,0.00787826462335417,-0.00889732585011549,-0.008876927737581308
2017-08-30,0.033425907558024104,0.004740913249605017,0.0422554660529344,-0.013638938515839416,-0.0026722090261283027,0.007313195548489748,0.0013934045517882687,0.040689581325623836,0.013424160157225806,0.011941911132278049
2017-08-31,0.015452538631346657,0.006208609271523224,0.0040630658481648485,-0.009836838075042764,0.0047633224173861954,-0.009154040404040442,0.016929499072356302,0.004938779709846797,-0.0009532105116111245,0.0034208807187363632
2017-09-01,0.015879017013232577,0.005717811600164602,-0.014075214427094807,0.0020820939916716963,-0.002962962962962945,0.019114367633004115,-0.012542759407069504,-0.01218388450906116,0.020612281827304235,0.0046389635603343304
2017-09-04,-0.011630070710829887,0.010552578837580207,-0.04296230202989082,-0.014321757197981566,0.0,0.011566114410753281,0.005080831408776021,-0.012230514096185696,-0.0071403242964444,-0.004647738147222524
2017-09-05,0.015249929398474915,0.004452179544258694,0.006572813723662252,-0.0027403448016261045,0.007429420505200568,0.006180469715698411,-0.006433823529411797,0.011332633788037727,0.00858780175002849,0.00577087771946494
2017-09-06,-0.008066759388038913,0.018898335818189116,-0.008336034826101013,-0.0061147766219256106,0.0026548672566371057,-0.0030712530712531105,-0.008788159111933425,-0.011205644324548625,0.0013842389904712427,0.0015684309194345936
2017-09-07,-0.020190689848569865,0.041169026338685466,0.009200018680240785,0.017758400680561337,0.0008826125330980705,0.0,0.0074661689220718586,-0.014900314795383007,-0.0003053974989551955,0.011436712379540248
2017-09-08,-0.020511352795268056,-0.003912333345994612,-0.007080055529847362,-0.033240294341537635,-0.013815402704291602,-0.0027726432532347856,-0.012968967114404872,-0.015871325095867084,0.0039713803360399424,-0.011515813630710747
2017-09-11,-0.002142787571832061,-0.010143380109823075,-0.0002330241879107131,-0.011733827389223461,0.016691505216095415,0.007414272474513428,0.011731581417175008,0.006602446152180974,0.010986195189135683,-0.0013067988294417354
2017-09-12,0.0421669106881406,-0.005046613760690377,0.013658400149170413,0.016059990626464682,-0.0011726766344181128,-0.004599816007359703,-0.0013914656771799594,0.036989247311828066,0.030636167786085355,0.014743924366336092
2017-09-13,-0.06303268708438703,-0.017423626437449213,-0.043550241434812564,0.005058581137181273,-0.0082183739360141,-0.007701786814540923,-0.007199256850905722,-0.051223558689340476,-0.004749316037010787,-0.02156477205176266
2017-09-14,0.0005997600959615212,-0.003191866650904318,0.008991249158572856,-0.01268224027414444,-0.0017756732761171623,-0.010555728034771783,0.0009356725146199008,0.003278688524590123,-0.0028724537859250443,-0.002881191172759423
2017-09-15,-0.00649350649350644,0.0009092346616066393,-0.009673576364069625,0.0027115807741175946,-0.007708271568336755,0.046438657044242326,-0.006777284412245899,-0.013071895424836555,0.0018430467576315834,-0.0005952450698945011
2017-09-18,0.0014077425842131674,0.02776570954619051,0.0,0.0005717552887363198,0.003884075291305633,-0.009295352323838046,0.013411764705882456,-0.008830022075055233,-0.008904554308505785,0.006661804948166372
2017-09-19,0.017973692137764896,0.0052647759588040355,0.006399769030892122,-0.00018532818532812634,0.005952380952380931,0.004237288135593209,0.0023218017181332318,0.02739420935412018,0.005194197473093132,0.00811549911251297
2017-09-20,-0.02485697376208329,0.0021407546160021607,-0.01037532871145097,-0.0017918378695666037,-0.007100591715976323,0.010849909584086825,-0.01366689830901091,-0.020160416215044386,0.01663485560883249,-0.0032487187663188255
2017-09-21,0.0037426663969248875,-0.02204844554644292,-0.0016909846361967684,-0.0007737303085636471,0.0023837902264600697,-0.01073345259391767,-0.006341005166744962,0.0006637168141592209,-0.0007937113638097903,-0.00715610366730024
2017-09-22,-0.008364405925627372,-0.030814837929554972,-0.011760150994531426,-0.0033141299634515953,-0.013079667063020217,-0.00874020494273664,-0.009454029780193829,-0.030289630776033638,-0.04817988787559391,-0.023140700408365245
2017-09-25,-0.0098577235772358,-0.030909164084195306,-0.023016650342801204,-0.02110071785947365,0.001506024096385561,0.002128306476132602,0.0028632784538296097,-0.030437756497948,-0.021794604310773624,-0.020856537805163833
2017-09-26,-0.0367443292620343,0.032185721998421846,0.0016040100250627187,-0.010190476190476194,0.004210526315789442,0.040048543689320315,0.002855103497501732,-0.022692533803644888,0.022427851881019256,0.006510340383150792
2017-09-27,-0.007778369738945079,-0.015772109117244693,-0.010009008107296546,-0.01215561756310335,-0.011680143755615435,-0.007001166861143493,-0.01233689205219457,0.003488931665062589,-0.007253121088609982,-0.01010130407471832
2017-09-28,-0.00590635738831613,-0.010546970811871503,0.004448488524921634,-0.0011688311688311526,0.006363636363636349,0.007931844888366735,0.004083593562334897,-0.002277904328018221,0.0005334109203762871,-0.0031507406445541175
2017-09-29,0.018256454574916203,-0.0028507684680217915,0.007800704579768558,0.019259524119100258,0.008431195423065363,-0.0034975225881667127,0.009569377990430672,0.025714972362412825,0.004394255157595506,0.008508818498200732
2017-10-03,0.0160195204752811,0.02287134866376639,0.015081148564294544,0.008004719914531222,0.005673335323977291,-0.0017548990933021757,-0.02298578199052137,0.01827553889409561,0.012642550385227658,0.013318418654071795
2017-10-04,0.01524485747102422,0.01843075302790953,0.0054607172725931186,0.019346674048880796,-0.0020783847980997416,0.00849692352768816,0.014067426631093838,0.021974229176254134,-0.0027320234445732394,0.013280455219950138
2017-10-05,-0.012444718708217617,0.0034205711558348284,-0.004892846658185679,0.009311275955181664,0.018149360309431817,-0.005229517722254551,-0.01961253288686915,-0.019137678712146777,0.003042127896790703,-0.0012555747280577068
2017-10-06,0.019787544261612222,0.005390835579514919,0.021388533779132857,0.0017220701743596578,0.028930450029222676,0.015478971962616717,-0.0009758477677482835,0.022495122231148912,0.04606516768292668,0.01615525009981189
2017-10-09,-0.017054738562091498,0.003193502602113263,-0.0031772011746018514,0.0014121258633921219,-0.006532235160465749,-0.018119068162208762,-0.018559218559218604,-0.012234818722639984,0.008394432047603928,-0.002820458850768204
2017-10-10,0.0021818181818182847,0.007584987227353013,-0.007920027043994637,0.00019925814659260688,0.0034305317324185847,-0.00205038078500297,0.01891017666086081,-0.007840909090909065,-0.009257865422248934,0.0008536905700027297
2017-10-11,0.014617458013684415,-0.016771979093533007,0.017621574258871453,0.01098766378055327,-0.0037037037037036535,-0.0070443205165835465,-0.009279609279609247,0.04226320009162743,-0.012307224796778815,0.000688931172495133
2017-10-12,0.004597936037600947,0.009560456997778521,-0.00765367137048556,0.014187837264294068,0.010580497569345093,0.0032515518770321883,-0.002711363076164708,0.0028571428571428914,0.013629720790708566,0.007978137981744293
2017-10-13,-0.00589910496338486,0.008055326338952451,-0.000723065798987732,-0.009610211036049532,-0.004810413129598179,-0.0002946375957572078,0.016559565002471688,0.007232084155161189,0.027833846807606477,0.005775364793506377
2017-10-16,0.01984857785962757,0.009667108443127681,-0.002556681138446759,0.03267184788349797,-0.0022746659084447174,0.014146772767462457,0.0004862630683200031,0.0018494342906876238,0.005773348098929487,0.011567556330627005
2017-10-17,0.028792134831460592,0.023627519110493322,0.0008705324756976829,0.0034633932485752528,0.002564833285836343,-0.0049404242952629795,-0.0041312272174969245,0.02247801064176347,-0.003420635386693349,0.012392023619512305
2017-10-18,0.0016577279375913356,0.02466621407558267,-0.005556897801401339,-0.0020242620181455395,0.012222853894258146,0.018983644859813076,0.04221571498291854,-0.015930331350892057,-0.004080550358705359,0.007846719444256633
2017-10-19,-0.01061137071651086,0.001693168433451131,-0.004761904761904856,0.0037940695773990285,-0.016849199663016012,-0.013757523645743786,-0.013579957855303193,-0.006367364558601318,-0.005768718752773405,-0.003732804593945649
2017-10-23,0.006198957000885574,-0.016866318806496694,-0.012645249487354682,-0.006323777403035358,0.010854041702370809,-0.0020342923568730242,0.013766911939235627,-0.0027153252959704055,0.009209116876933932,-0.003897291214135401
2017-10-24,-0.00322706825738317,0.00358811437114559,0.008010680907877266,-0.011996547335157204,0.026561175473297505,0.025043680838672033,0.007024116132053448,0.015029405358309766,0.010245448514778488,0.0047175980840961085
2017-10-25,0.0002943196311193663,-0.049048452571598844,0.0234486141770911,0.010394918040069312,0.009358656757500583,0.004829545454545503,0.004882585445245224,-0.007510729613733891,-0.002363928206624788,-0.012438894101064246
2017-10-26,0.05227540211847792,-0.022284013472233077,0.04611033887743843,0.006037957060159638,0.0070902645214070414,0.0028272547356515965,-0.01897269782508093,0.04043243243243233,0.016177158904750577,0.008954626860244064
2017-10-27,-0.015844906328641994,0.012858001201682345,-0.049347079037800556,0.01075065188573432,-0.01462225832656372,0.037496475895122616,-0.001179245283018826,-0.05226517040731504,-0.003296197138497825,-0.004410545664239818
2017-10-30,0.015721185718344577,-0.0025310448469508806,0.0031328320802004317,-0.009324782013403476,0.0035724100027481054,0.01413043478260878,0.0030696576151121313,-0.0027409275298760916,-0.011769802873853763,-0.0014073098661020467
2017-10-31,0.00997668997668999,-0.013519942906985993,-0.0018257819631961603,-0.02179289475981261,-0.007393209200438067,0.02411575562700974,-0.002589453860640356,-0.016820580474934066,-0.020108139704807848,-0.010392970753767883
2017-11-01,-0.0033234859675036477,0.0011655480085206449,0.0031287605294825216,0.004431885782272493,-0.0027586206896551557,-0.0005232862375719183,-0.007080481472740097,-0.008610086100861003,0.0049661466877441995,0.00015110962545406004
2017-11-02,0.005650240829937037,-0.012725812926535518,-0.004414587332053688,-0.011415795552133678,-0.0027662517289073207,-0.015706806282722474,0.023056810078440737,0.004624407850214229,-0.0016917209550803003,-0.004388384630352404
2017-11-03,-0.017960762641613726,-0.00862033912088811,-0.004096780412569889,-0.0034298380936689243,0.009431345353675402,0.020478723404255383,-0.023931226765799285,0.000673627484001349,0.00396890282877238,-0.004626159413958608
2017-11-06,-0.016694803976739836,0.006480456092859299,-0.006339834486764007,0.026601340587333544,-0.01483924154987637,0.0385718008861089,0.003094501309212072,-0.02602939526534276,-0.0029760142137993384,0.0016470088194666666
2017-11-07,-0.005341472720335805,-0.02587717510901011,-0.025423728813559254,-0.00907653569128064,-0.004741980474198049,-0.02735257214554576,-0.014475557664926475,0.02453634373920055,-0.019231054812218762,-0.013288163110933726
2017-11-08,-0.0023014959723820505,0.0004183400267736559,-0.007996001999000524,0.009780167828861819,-0.01149103139013452,-0.006449948400412797,0.002407897905128742,-0.022374634585113573,-7.570710435467198e-05,-0.0019819706116763758
2017-11-09,0.003748558246828182,0.03286777619804293,-0.006045340050377823,-0.004169714703730842,0.009639920612418473,-0.015320695923136896,-0.0007206341580591191,-0.007360552041403068,0.014794288223625607,0.009922507488132393
2017-11-10,-0.01924734271760986,-0.008056680161943275,0.0006588950836290408,0.023242488797472927,-0.008424599831508006,0.007911392405063333,0.01610576923076934,-0.03406326034063256,-0.001641399068879057,-0.003826122445193647
2017-11-13,-0.02245655145479397,-0.023386800538753527,0.005065086359722359,0.013108963774462579,0.0022656471254602906,-0.03610675039246469,-0.0016560208185474323,0.007796569509415763,-0.015947747586165795,-0.010309686309928234
2017-11-14,-0.01508190171793844,-0.0028418589100634994,-0.02494582472408402,0.013038548752834389,0.0005651313930488122,-0.011943539630836053,-0.019194312796208535,-0.02118543203999046,-0.008034751439116583,-0.006359853892705769
2017-11-15,0.02362843524997471,-0.026613579212070415,0.006563985941699491,-0.010030777839955207,-0.016097147698390324,-0.024450549450549475,0.0002416042522348505,0.006322957198443557,-0.011299954065227436,-0.009001971770308925
2017-11-16,-0.010600356647513354,0.013046286329386536,0.00898587933247752,-0.000932690812995518,0.012916188289322728,0.009011546043367957,0.006280193236714915,-0.003141614306428231,0.012683516075079115,0.005476998041370029
2017-11-17,0.009312105737458776,0.006460387623257402,0.005445292620865239,0.001994426920520098,0.006234060640408101,-0.008651967624895285,0.001440230436869916,0.005575757575757567,0.021639063479683696,0.007371369250248838
2017-11-20,0.0008928571428572507,0.013091216216216228,-0.005517031938047312,-0.006183122053135315,0.016333427203604645,0.013513513513513598,0.0009587727708533222,0.0018081002892960107,0.001347184384636213,0.0041574697681439066
2017-11-21,0.013975617008623153,-0.017924135056273438,0.008092426710097689,0.005681818181818121,0.013854253255749516,0.004999999999999893,-0.010536398467432928,0.0075803152448561395,0.013109901937335522,0.0010004250632309475
2017-11-22,-0.007429130009775187,0.0005093378607810006,-0.00035341041046099697,0.009533898305084776,-0.006012571740912853,0.002211166390270858,0.0021781219748306935,0.0019106759016001007,-0.0004278990158322893,0.0008774296472686682
2017-11-23,-0.005022651171951886,-0.016078398099440006,-0.003131313131313207,-0.007583071003847475,-0.00797360461919161,0.0022062879205735353,0.009659502535619424,0.012991656734207435,0.0023323098724610247,-0.004584887217868983
2017-11-24,0.011580718598436013,0.010347949812443469,0.0016212382206910458,0.010883509790929446,-0.0005543237250554833,-0.0038525041276830096,0.01028462090408988,0.012589716437227949,-0.005964478218609126,0.006720623176495355
2017-11-27,-0.004990215264187858,0.008150898305808063,-0.0070814365199797225,-0.002161634474583396,0.03355518580144201,0.016850828729281675,-0.004971590909090939,-0.01533813618405766,-0.008341111456805494,-3.040814751220644e-05
2017-11-28,-0.0016717474677943045,0.015958347443278065,-0.005094243504839557,0.002795248078266921,-0.01905017440300505,-0.015213257267047031,-0.008565310492505307,-0.01427897097002595,0.0018525711895300834,0.0014128522774057295
2017-11-29,0.0003940110323088497,0.0006249739594184067,0.007936507936507908,-0.0011149825783972611,-0.004376367614879695,0.006620689655172374,0.0019198464122869296,-0.003112654136238513,0.007754481195383134,0.0014949498724621257
2017-11-30,-0.007778653012997294,0.004205529646902129,-0.0005080010160020132,-0.018724710478582374,-0.004670329670329654,-0.009865716634694488,-0.01293413173652691,0.00084063888555308,-0.021367900796117167,-0.007430938453357183
2017-12-01,-0.014786146670636047,-0.05066965211261765,-0.014332909783989822,0.002019110453873152,0.0008280430582390252,-0.0055355660116246375,-0.015044892016500833,-0.01715862730981521,-0.019082468926724494,-0.022010893829806366
2017-12-04,-0.00040290088638195165,0.026818082550775335,0.006909709689063126,-0.005959982971477262,-0.0060672917815775,0.010854439187308662,-0.0009854644000985013,0.006958857282383102,0.010127635960044401,0.009060656663342881
2017-12-05,0.009471987101975055,0.011655110808626468,-0.00010242228708967627,-0.009136331192005742,-0.01720310765815758,-0.017621145374449365,-0.012083847102342782,-0.0009699321047527132,-0.01759526316592641,-0.0020715962720792014
2017-12-06,-0.019864244360151773,-0.013454988857587336,-0.004455825864276619,-0.014954617490275157,-0.00818746470920384,-0.014293721973094198,-0.00024962556165752936,-0.014563106796116498,-0.011976512986206056,-0.013113940481417119
2017-12-07,0.016600468479478492,0.01713335890551071,0.007048050210927137,0.008863277365003253,0.026473099914603004,0.006823997725334152,0.010237203495630398,0.016379310344827536,0.030547912899929308,0.016842359767891724
2017-12-08,0.03075535964736531,0.010307982401005722,0.03412515964240104,0.006233871669227842,0.0005546311702717688,0.018073990398192574,0.003954522985664788,0.03828910699139709,0.01424909989625922,0.016137776234883328
2017-12-11,-0.00048595587520650074,-0.005765003525361911,-0.0011361952279800303,0.02168337943752885,-0.011363636363636354,-0.007489597780859891,0.005908419497784312,0.009569377990430672,0.0025119581240033995,0.002618444236965889
2017-12-12,-0.02965772073123296,-0.0071750375438011105,-0.022997032640949544,0.0006345804013367928,-0.01373703392206338,0.02459474566797093,-0.006852667645619204,-0.04068893769506421,-0.01387867784963015,-0.012684609496069754
2017-12-13,0.014730934963423259,-0.00752100840336134,0.017970134143254768,-0.004692916936779534,0.0008527572484366974,0.003273322422258529,-0.01182848693937899,0.020243402819616785,-0.013039376787779222,-0.0007564350163226097
2017-12-14,0.014319573375469075,0.004402861860209217,0.019393336648433568,0.013522123893805249,0.007100255609201911,0.002446982055464897,-0.001995012468827939,0.03283335301759771,0.007199346354849201,0.010827574949670904
2017-12-15,0.018498685619706023,0.016227608008429817,0.0076585365853658605,0.036183291422184904,0.0008460236886633776,-0.007323026851098424,-0.0062468765617191835,0.014979988564894242,0.013055989224599829,0.016113027564159443
2017-12-18,0.006404741420514393,-0.005682289506428906,-0.008568523987026122,0.02564379129027916,0.0016906170752324368,0.0002732240437157696,0.005280362081971246,-0.013519603424966165,0.014383489204828681,0.00430006978688513
2017-12-19,0.012632978723404298,0.0029616652066908333,0.000732421875,0.022912503943632423,0.01293952180028124,0.011745424747336752,0.013506753376688385,-0.003312014618547243,0.007804703674466396,0.008879797085628693
2017-12-20,-0.0018759966232060332,-0.006155381800033277,0.00048792388387419727,-0.009342671721390472,-0.008886420438766973,0.015118790496760237,0.0017275419545903503,-0.011229517589091298,-0.010419283803555834,-0.005903372901313375
2017-12-21,0.005732543933840706,-0.0016320723133579351,0.002097049500122017,-0.03720423412204232,0.009246287475483284,0.0,0.0007390983000739038,-0.010777610383590264,0.01680157710803787,-0.004287468472815137
2017-12-22,9.344047841519654e-05,0.0004610806052731675,-0.0017033287911232264,0.00538938291565616,-0.0019433647973348123,0.02872340425531905,-0.0002461841457410685,0.005857544517338331,-0.004758897228383074,0.001954318101440755
2017-12-26,0.007007381108100619,0.005195240489358044,-0.0007312436016184698,-0.006231573304743998,-0.007232267037552198,0.0015511892450879028,-0.0029549372075843294,0.002795248078266921,0.014684396168774594,0.0033692645147687106
2017-12-27,-0.010205975134533363,-0.005793597865955347,-0.020636159625329387,0.007012339019621061,-0.005323620061641887,-0.005678884873515755,-0.006174364040503866,-0.010801393728222974,0.002501672629956264,-0.004045531070181352
2017-12-28,-0.013498312710911176,0.00440196201735632,-0.023661270236612686,0.004285236022765426,-0.007605633802816869,0.0020768431983384517,-0.010188866799204721,-0.007514382998708435,0.01768563386820632,0.0005711061569373399
2017-12-29,-0.01615355378183203,-0.0010852324901912125,-0.00882653061224492,0.001533435562370844,0.004825432869713264,0.011398963730570033,0.006025608837559648,-0.009582396782207514,-0.00523201938840967,-0.003174821487925361
2018-01-01,-0.017577747730345705,0.018009359852916518,0.0036547073660369023,-0.008587405139129256,-0.0025423728813559476,-0.014600409836065587,-0.000748689792862467,-0.01158623984710938,-0.013915560778468894,-0.0025985374603320066
2018-01-02,-0.017302398741643743,-0.02840372696301774,-0.00912914145040511,0.011079030416974334,0.013310676862078763,0.023394853132310933,0.0027472527472527375,-0.01776435045317215,0.009824581801270327,-0.006944412422474788
2018-01-03,-0.009803921568627416,0.001774323011279666,-0.000258799171842683,0.0026563952716163186,-0.010340972610396904,-0.017272034544069115,0.004483188044831943,0.01119586614173218,0.007742901141286396,0.0010981663176370393
2018-01-04,-0.006870074762578282,-0.0014338126765909287,0.0025886616619208436,0.0014571466419392998,0.0002824060999717659,0.03127423106745919,-0.006446813786263328,0.019223749847913307,0.03443252738464175,0.007725114856293347
2018-01-05,-0.007731434384537161,0.012669453946534848,-0.008882003614768985,0.0004629629629628873,0.0022586109542630517,-0.0052631578947368585,0.004492138757175024,-0.00919183478572283,0.013737022310581049,0.0037236319449878152
2018-01-08,0.019479188025425476,0.021977563701572222,0.012191944979940583,0.004693594235472887,0.0008450704225351213,-0.005291005291005346,-0.003478260869565264,0.01481927710843367,-0.0025195091723753116,0.010189388728389925
2018-01-09,-0.0022123893805309214,-0.00693707663429366,0.009934627065424362,0.003355704697986628,-0.005347593582887722,-0.0020263424518743856,0.002243829468960401,-0.009260358542087177,0.004614838480653249,-0.0014843934414321414
2018-01-10,-0.0036283007458173255,-0.010355029585798814,-0.007288481141692116,-0.0034100596760443525,-0.01556310130164118,0.004568527918781706,-0.0057213930348258835,0.017495506291192342,0.0007067137809186885,-0.0030936739935900626
2018-01-11,-0.0038438195427877853,0.020303936223218688,-0.0016429634954048256,0.008949134697637584,-0.00258695027306699,0.0,-0.010007505629221924,-0.008479566599929322,-0.002458170360712608,0.004827062560281314
2018-01-12,-0.005077173030056836,-0.003296300817970943,0.0003599897145796227,0.001108719754777221,-0.0057636887608069065,0.014401212733703872,-0.007581501137225222,0.011759116284594473,-0.0009121727410110747,-0.0002269189400162519
2018-01-15,-0.005511328842620955,0.00044912624530457634,0.004678182192062508,-0.010814332247557013,0.002608695652173809,-0.020672478206724798,0.015024191494779737,0.0003521953510212672,0.01721083614956931,0.000565156405332834
2018-01-16,-0.01590722495894914,-0.01652858833612214,-0.01719285677736271,-0.01646469968387776,0.0017346053772766545,0.003051881993896277,-0.015554440541896586,-0.03673277784297613,-0.02265328814285894,-0.017834337110256726
2018-01-17,0.0008342892898112186,0.003693252552078974,-0.00026032175769252763,-0.0018079550020088098,0.005772005772005873,-0.007606490872210991,0.006116207951070374,0.02412280701754388,0.010773616974614653,0.00506036173156299
2018-01-18,-0.02000625195373551,0.028403687931533472,-0.01562337256535773,0.018648956865901845,-0.012051649928264019,-0.00817577925396018,-0.0020263424518743856,-0.020342612419700257,-0.02874888123457464,0.00041363715748543584
2018-01-19,0.014992025518341334,0.046715445847069326,0.020950164003809002,0.008100098781692378,0.003485332558814891,-0.002060793405461059,-0.004568527918781706,0.010807528840315772,0.0016615006562230583,0.018422213238266982
2018-01-22,-0.01707521474963336,0.0409817176217544,-0.008964659550212417,-0.007577737130911921,-0.0020260492040521383,0.03613835828600931,-0.004079551249362545,-0.034598750600672745,-0.0010593663316653679,0.006396550013081814
2018-01-23,0.025578173292124085,0.017673320296646144,0.018039215686274535,0.012440758293838838,0.0017401392111369152,0.033134030891878385,0.002816180235535093,-0.014683922349427614,0.036628758808344486,0.01718960107575085
2018-01-24,-0.0013509300633898214,-0.012399390907113284,0.0023112480739599928,-0.01774917105519802,0.007527504342790925,0.016879672052085848,0.0005105948429919849,-0.017049760040414252,-0.02264100148068382,-0.010932645911824856
2018-01-25,0.0003121748178980255,0.023494860499265746,0.005124263387138006,0.003177124702144596,-0.011781609195402276,-0.011145364002845604,-0.008420515437611686,-0.012848515996402465,0.009255178492727945,0.006954654405802563
2018-01-29,-0.0225735982523666,0.01947632711621239,0.01871017078766246,0.008643441541303698,-0.005234079674323877,-0.016067146282973566,-0.0007720020586721166,-0.0234283483014448,0.018204148471615778,0.0058535937880228595
2018-01-30,0.033631332481907084,-0.0043274812651725725,0.04158742868581733,0.0007195656440113218,-0.004384682841274468,-0.0017060687301974076,0.004120525366984262,0.04758096761295483,-0.009328008148604794,0.006400161873510113
2018-01-31,0.01379736408566723,-0.016996466431095425,0.0032191418824771834,-0.0024186168126552055,-0.00029359953024077345,-0.006591796875,-0.005898948448320063,0.01195928753180664,-0.0461727860602289,-0.011038362187654416
2018-02-01,-0.0039609993906154495,-0.009705596894209023,0.0007183908045977905,0.0467859249066247,-0.007048458149779724,-0.042025067584173015,0.005417956656346812,-0.013452351018355513,-0.011772214736543551,-0.00043090589678151936
2018-02-02,-0.026919547262159726,-0.04199789466042325,-0.022158411103134656,-0.03568075117370895,-0.022774327122153215,-0.011287839917906606,-0.01000769822940728,-0.04549509366636928,-0.0377466810190169,-0.03456028651014731
2018-02-05,-0.002514932411191495,-0.02057441648984537,0.0008809710258417258,-0.012658227848101222,0.006355932203389925,-0.020498183705241257,0.018662519440124425,0.024966622162883922,-0.009545827429338516,-0.007847366769939468
2018-02-06,-0.01838428406345205,0.0019343108050602353,-0.018826405867970686,-0.011439842209073015,-0.005714285714285672,-0.017483443708609325,-0.00788804071246818,-0.01628240197994013,0.0006776598147730795,-0.007016248153618898
2018-02-07,0.019370719178082085,-0.016101007760917385,0.008621978569648636,-0.006251662676243663,0.0009074410163338875,0.024534915071447783,0.0028212362144139913,0.049655720338983134,-0.004063205417607185,0.001517757530680619
2018-02-08,0.004094488188976397,0.031630170316301776,-0.04733669334914514,0.006826395395529428,-0.010577213659715978,-0.006842105263157872,-0.0117647058823529,0.008704427904629775,0.014581444545179734,0.010564107562666347
2018-02-09,-0.0058552906733584376,-0.01978088861838101,-0.018049792531120268,-0.0028582823717095973,-0.002748930971288921,-0.007154213036565937,0.0,-0.010255127563781885,0.0206270012659171,-0.006081135390233028
2018-02-12,-0.016512410601598693,0.020529338714684986,0.0010564124234100358,-0.005399640023998398,0.010107197549770186,0.019482252468641548,0.027432712215320842,-0.010740459944402314,0.04056617539763607,0.011298599574396384
2018-02-14,-0.015934124692546292,0.025364109974521876,-0.00443224989447033,0.001273458445040232,-0.01182534869617946,-0.027486910994764413,-0.015365239294710342,-0.022480521139353726,-0.007151872107698742,0.0004249612165772021
2018-02-15,0.03249293631819161,-0.02662809672155464,-0.0014839940640237748,0.003213066470312498,0.0015342129487572187,0.013728129205921924,0.012535175236633389,0.02156017248137987,-0.010522598870056465,-0.002918654495710049
2018-02-16,-0.019682138722239784,-0.03044273413091514,-0.004670912951167727,-0.007473143390938852,-0.002450980392156854,-0.0074349442379182396,-0.011874684183931228,-0.010104886160143267,-0.015416458496895324,-0.017105097401482028
2018-02-19,-0.019003650418724538,-0.016740676700593426,-0.01439846416382251,-0.02568067226890758,0.0006142506142505777,-0.00856072766185123,-0.007159294298133445,-0.018477839514149164,-0.05929684668358104,-0.023978915332756978
2018-02-20,-0.008317828608952582,-0.010870868470484796,-0.008224218158208063,-0.02159663285724145,0.00798035604665448,0.00917431192660545,0.004378058202420876,0.002764612954186507,0.0037759112275563833,-0.006498948278208405
2018-02-21,-0.012139940403928962,0.005333548830255719,0.005182760501909467,-0.0008462623413257875,-0.011571254567600442,0.016844919786096257,-0.005384615384615432,0.015885519233293843,-0.015891294334408057,-0.0006368431803708274
2018-02-22,-0.04491118310803266,0.018769342068244876,-0.014382632293080011,0.019127611518915844,-0.00955021565003078,-0.021298974493820677,-0.019077081722093325,-0.0072370121478417815,-0.005304625945861563,-0.00032463628712275927
2018-02-23,0.005731664522166335,0.012821524380621785,0.014317180616740144,-0.004570953667151434,0.017418351477449523,0.01988178398710372,0.01576872536136653,0.005206977349648589,0.06305387812720564,0.016766294215989408
2018-02-26,0.007210979297511022,0.0083356054999415,0.02252985884907699,0.02330759062130383,-0.0036686028737389353,0.002897787144362507,0.015006468305303944,0.014633514633514588,0.0036149022500922,0.010800004731655877
2018-02-27,-0.013972286374133946,-0.011279792946266465,0.002017520573400544,0.005983138428066415,0.01595581466707574,-0.009718938796952958,0.008157022686719362,-0.0006381620931716903,-0.012422816818582816,-0.005200702165008675
2018-02-28,0.006089706054573041,-0.020042977143973406,0.004874688708737418,-0.01547715598810484,-0.013893083660525551,-0.001061007957559701,-0.00025284450063212116,-0.028991060025542748,-0.00022329735764792247,-0.011206320524765445
2018-03-01,0.028751018507740644,0.0017542460728809939,0.0058001581861324425,0.005766458433445365,-0.0015313935681470214,0.0074349442379182396,-0.0015174506828528056,-0.008943837958700462,0.005136986301369939,0.004937360950828751
2018-03-05,-0.01719846119031454,-0.014367587359707112,-0.0058715596330275455,0.009623916456214632,0.0018404907975460016,-0.021876647337901955,-0.0022796352583586144,-0.02654280026542799,-0.02836826901710987,-0.012589382961594842
2018-03-06,0.025097858623071678,0.00040379567938630956,0.007751937984496138,-0.02663601946998373,0.0003061849357011148,-0.0008084074373484462,-0.019294237116019297,-0.003135650988411731,0.005869797225186657,-0.0019255532668462916
2018-03-07,-0.0040431266846361336,-0.034308779011099855,-0.0073260073260073,-0.016807889984720048,0.0009182736455464191,-0.021035598705501646,0.0010354646647683374,-0.021334792122538304,-0.018264494126563058,-0.019508913555331353
2018-03-08,-0.0027063599458727605,0.008443051201671992,0.007116499736425919,0.026631816897428662,0.011009174311926495,-0.007438016528925617,0.010602534264287478,0.007685858021240888,-0.018218310946425786,0.005525606469002797
2018-03-09,-0.006331976481230184,-0.00592696978488827,0.008898194190002595,0.002545929952521897,-0.005444646098003658,-0.0013877324451845308,-0.012794268167860778,-0.00970739148523092,-0.04584054096556067,-0.01040562439838677
2018-03-12,0.016727355484752016,0.00938125416944624,0.039273670557717244,0.011805078929306712,0.04105839416058399,0.021956642579210595,0.010886469673405896,0.027167063436493555,0.026617222908940974,0.018079958629350967
2018-03-13,0.044543928371572505,0.017638068486926395,0.018021166134185362,-0.005562338895672259,-0.010224948875255602,-0.0013598041881969225,0.0002564102564102111,0.04417177914110426,0.009552095039332187,0.014745045679164681
2018-03-14,-0.008250294653380452,-0.0039779184932619005,-0.031432354239199656,-0.0065484311050477695,0.0017709563164107767,-0.016339869281045805,-0.0035888233786208756,-0.01971536754145453,-0.013198696032440171,-0.009346329045129997
2018-03-15,-0.0016205704407951105,0.009006438992583021,-0.02769339813689753,0.00913210656413077,0.0011785503830288313,-0.0016611295681062677,0.002315410342166091,-0.010255727224294131,-0.014180968495689283,-0.00019730415156804515
2018-03-16,-0.03138188507737261,-0.024637505553536054,-0.038010934652434214,0.008028849425052664,-0.029723366686286057,-0.017470881863560717,-0.013090349075975394,-0.018301709056654514,-0.018880261544748644,-0.01817000385059686
2018-03-19,-0.03753770528432576,-0.01623255621350783,-0.03707713125845735,0.002632467094161317,0.013042159538974918,-0.0016934801016088574,0.010143042912873934,-0.03399588759424266,-0.04206931022992333,-0.018420472093536255
2018-03-20,-0.013580963435867677,0.008797407080018527,-0.022765598650927532,-0.0023562676720075837,-0.003592814371257469,-0.015549901046084225,0.003604531410916545,0.007095217823187117,0.03139403426384901,0.004170256333420719
2018-03-21,0.013532595904918843,0.015104731703246221,-0.008052919183203944,0.005938322423915343,0.023737980769230838,0.008328546812176985,-0.0035915854284248594,-0.004368042835000696,-0.018128161888701477,0.0047870686975441945
2018-03-22,-0.03703703703703709,0.003247287076619587,-0.013627138300956854,-0.019453947809753847,0.0035221602582917733,0.019082882369695353,-0.007723995880535517,-0.029578262100198094,-0.0023185916702447296,-0.009454275460957784
2018-03-23,-0.0030142271521581554,-0.01634776908264024,-0.007348618459729561,0.002804953136758659,-0.005264697279906416,-0.008384572386808231,0.008043591074208711,-0.011229400612512763,-0.024789120330521608,-0.009869325138045615
2018-03-26,0.014753900108840146,0.0034571809396868325,-0.009771986970684043,0.01855641970255162,-0.0011761246692149063,0.008455467869222133,0.0033462033462032803,-0.016814159292035447,0.02656663724624897,0.00845361865347738
2018-03-27,0.0028602073650338955,0.03420364451454905,0.04575358851674638,-0.002143335565974569,0.007065057403591313,0.003912800447177123,0.005387378142637234,0.04080408040804073,0.014530134984094278,0.018379501038460644
2018-03-28,0.015923945335710066,-0.006823198876178993,0.010008578781812938,-0.00805477245267816,-0.007892429114294108,-0.010022271714922093,-0.013779025261546285,-0.005909484001153098,-0.03211864406779663,-0.008084034645862714
2018-04-02,-0.009474792373377006,0.00533441099211962,-0.03482446206115519,0.012383272431993442,0.004124926340601132,0.012092238470191141,0.00853816300129373,-0.0010149340292880948,0.013571491112862377,0.004322677335050873
2018-04-03,0.006731223429381261,0.04449893475901434,0.02170724552654746,0.029476639262081328,-0.0061619718309858795,-0.013614893025840513,0.018727552591072394,0.02685050798258337,0.0015549412577746669,0.023246923020003418
2018-04-04,-0.02651026392961875,-0.005695812807881784,-0.017226528854435874,-0.01759511751720555,-0.016533805727782735,-0.01183098591549292,-0.012591286829513937,-0.026996466431095434,-0.033034328100741805,-0.017198780296730165
2018-04-05,0.018074466803229328,0.03742839448831092,0.014022787028922012,0.023858304143810738,0.014410087060942711,0.011687571265678542,0.0010201479214486664,0.012056943637420048,0.035500847382035516,0.025752967722947107
2018-04-06,0.027222156468221126,0.006156027310375789,0.004033419763756818,-0.0034211205783630794,0.0029594554601952705,-0.0028176951253874316,-0.0015286624203821875,0.01607578584756708,0.011628908605392452,0.0071373918033570405
2018-04-09,0.03779237239313282,-0.0018911302284189135,0.03185078909612615,0.018459744802124423,0.0011802891708467822,0.008194405199208887,-0.0005103342689461998,0.036304562791354744,-0.0017881471389645798,0.011158462031552352
2018-04-10,0.0017763961363383984,-0.0158264293940632,-0.002780867630700734,-0.010938692444670606,-0.007368110816386664,0.010089686098654793,0.005616543272912944,-0.005861504907306414,0.02687025505416707,-0.0033692959697585456
2018-04-11,-0.07503047766818127,-0.009248423993054256,-0.06664807585052979,0.014660493827160392,0.000593824228028561,0.01082130965593775,0.0002538715410003167,-0.07664884135472372,0.010217644126931491,-0.015631257803849552
2018-04-12,0.0032350826743350325,0.00232416368208499,0.00537795040334621,-0.0014575411913815284,0.005934718100890191,-0.0021959923140268955,-0.003299492385786751,0.0016335016335016217,-0.015870405394293186,-0.0011966446085177607
2018-04-13,-0.03164934909829209,0.022389478085680592,-0.01723625557206543,0.002221235006663713,0.008554572271386451,0.004126547455295837,0.005856888209829325,-0.010378057820607856,-0.007269385026738018,0.002527945175937907
2018-04-16,0.006906758756783482,0.02033759666864965,-0.002116722104626545,0.015007598784194442,0.018426440479672346,-0.005479452054794498,0.008607594936708818,-0.007041198501872681,-0.0041242319670061756,0.009727765959989476
2018-04-17,0.006001959823615843,-0.010858871114674096,0.01333333333333342,0.009857133944725094,0.01636990235496838,-0.0038567493112947604,0.028614457831325213,-0.004073627036813465,0.007521974306964108,0.0020356956871656617
2018-04-18,-0.013271642517959314,0.009099281635660317,-0.013456937799043112,-0.01365293136467538,0.009042102288782106,0.007190265486725744,0.00048804294777937685,-0.031661869413725174,0.009311299387635197,-0.0019606916753283077
2018-04-19,-0.07070582428430405,-0.0014967873831776002,-0.04243710215216734,0.004509582863585049,-0.005600672080649627,0.010159253157605797,0.015121951219512209,-0.05663329161451813,0.033826462765957466,-0.006603706596605807
2018-04-20,-0.013676802549462241,-0.008409198932397333,0.013611902500791473,-0.002992891881780757,-0.018023092086736137,-0.00869801576515361,-0.004324843825084135,-0.00812603648424548,-0.025323579065841262,-0.00972122944960685
2018-04-23,0.026790522347872825,-0.02577338593709666,0.009993753903810187,0.031019387116948183,-0.004301691998852886,-0.007129147244310352,-0.0019305019305019266,0.01755559271024909,0.0006598482349060575,0.0011067802319426612
2018-04-24,0.006162318080503493,0.006169101506320551,0.008348794063079756,0.017287395365764846,-0.004320276497695841,0.008837337752002128,-0.0016924564796905184,0.005586592178770999,-0.01491922189251571,0.004626514131897741
2018-04-25,0.005473025801407294,-0.004400977995110078,-0.01502606562404174,0.01824578140838362,-0.005785363031530211,-0.017519846701341324,0.0043594090578833455,-0.025980392156862764,-0.01899422642456694,-0.0032296264398751218
2018-04-26,-0.0007776049766718973,-0.009785401239232328,0.003424657534246478,0.005036013351291224,0.0008728542333429345,0.007522986904430207,-0.0016879672052085848,-0.005703740983056482,-0.013647219379051556,-0.004068113907189419
2018-04-27,0.012062256809338479,0.00465488954176041,0.01085944771951608,0.0053021033618831925,-0.007267441860465129,-0.0005530973451327581,0.004347826086956497,0.032394128564197766,0.02006226219301288,0.009109311740890691
2018-04-30,-0.007176726899910335,-0.0072538072993809655,-0.0036832412523020164,0.012287005911672644,0.008199121522693975,-0.0008301051466519382,-0.0002405002405002632,-0.004739336492891044,0.008731773482536509,0.0006089697664422022
2018-05-02,-0.01652252484832839,-0.006847742922723832,-0.007085643869377711,-0.011622581014542499,-0.010165553296543672,-0.002769315978953246,-0.012990137118114031,-0.02331691297208538,-0.0343726363559963,-0.014117113569374284
2018-05-03,-0.008531303320645778,-0.020107083702476825,0.0034129692832765013,0.002259167004576179,0.022887323943661997,0.005831713412940864,0.006336826712161736,-0.008574310692669784,0.019060052219321166,-0.0029534230657499716
2018-05-04,0.006619009796134501,-0.017846613467510486,-0.0012368583797155441,-0.012484105883712848,-0.01950659781985087,-0.004693539480949749,0.004601598449987865,0.0,-0.008028012639849647,-0.00951779730976543
2018-05-07,0.014729089952656427,-0.0040024014408645,0.017337461300309664,0.03663818330797142,-0.002340550029256927,0.0202496532593619,0.009161041465766573,0.007291843310157642,0.027034007748600875,0.01414423689758304
2018-05-08,0.017625712804562044,-0.006349206349206327,0.013694461351186904,-0.022922312556458935,0.005278592375366653,-0.004350190320826508,0.016483516483516425,0.03367003367003374,-0.00016765864699475053,-0.0013777767034879318
2018-05-09,-0.018211920529801362,-8.088324503574551e-05,0.003902731912338586,-0.006009476482144893,-0.005834305717619559,-0.001365374112506812,-0.004230317273795525,-0.005700325732899025,0.011402699756854151,-0.0021542334317664613
2018-05-10,0.012323258528992076,-0.022325581395348792,0.0044856459330142595,-0.004185559818625784,-0.011150234741784004,0.029532403609515923,-0.018173235780033048,0.008681408681408653,-0.014921661278288978,-0.007859308671922416
2018-05-11,0.023321373654536126,0.0258966615645555,0.006847275974992462,0.014711033274956264,-0.006231454005934722,-0.003984063745019917,-0.00552884615384619,0.03523871386813893,0.022048304300260835,0.018373633896481723
2018-05-14,0.012271475081392369,-0.01875075607887411,-0.004139562389118834,-0.01892762628005984,0.025082114063899708,-0.0013333333333332975,0.010635726371766907,0.007058823529411784,0.005104981473857517,-0.005761959066082456
2018-05-15,0.003958436417615063,-0.013807840881071787,-0.0071258907363420665,-0.006567759338532819,-0.009030002912904123,0.009345794392523255,0.02296101411145668,0.0076323987538939875,0.025559105431310014,0.000253546634470192
2018-05-16,-0.01835879743716118,-0.012584382031835983,-0.007476076555023914,0.007142435511481082,-0.0005878894767783471,-0.014814814814814836,-0.0018704699555763815,-0.015612923172051318,-0.007508586947839291,-0.007435482702846219
2018-05-17,-0.01945525291828798,-0.005654962862930435,-0.00723109370292252,-0.004806001641073698,-0.017058823529411793,0.012889366272824887,0.0,-0.0028266331658290955,-0.017625754527162973,-0.007807369573148537
2018-05-18,-0.010880696364567344,-0.033146591970121375,-0.006373292867981828,-0.01531213191990577,-0.0029922202274087484,-0.018822905620360597,-0.0023424689622862926,-0.017322834645669305,-0.030968376208422077,-0.021155071824287885
2018-05-21,0.019412449851171187,-0.026952284798735793,0.008857666463042202,-0.012021531100478433,-0.013205282112845107,0.0037827614158336687,-0.0014087814040855129,0.0027243589743590757,-0.024349002367264116,-0.011807868573288971
2018-05-22,0.00952139139266217,0.0046465466684710854,-0.02815622161671205,0.00514558992675096,0.0045620437956204185,-0.002960969044414563,-0.008934869503879561,-0.003196420009589307,-0.00034662045060662727,0.0014191766241336001
2018-05-23,-0.05948189134808857,0.0067804220925011816,-0.04361370716510904,0.0019272464466393302,0.008477141992128345,-0.05291576673866094,0.0026097271648872766,-0.07968574635241299,-0.06371359223300976,-0.02301628474902251
2018-05-24,-0.0069528011766278874,-0.008251193077917995,0.015635179153094425,0.013524885789853336,-0.009006304413089139,-0.043899657924743485,0.00212967345007109,-0.013066202090592283,0.015091195259698154,-0.0006605190902968516
2018-05-25,0.024774471522822195,0.05423637344846188,0.0484284797947403,0.017377379752090638,0.0015146925174189807,0.046213476446034685,0.0014167650531287102,0.04218887908208302,0.036574242977015725,0.034214175555008275
2018-05-28,0.05636578636184475,0.036771606518215094,0.04282655246252687,-0.00903579340095606,0.014519056261343088,0.0008549444286121144,-0.02405093138410752,0.06063685636856375,0.014782226132864063,0.02194208092630423
2018-05-29,0.008333333333333304,0.00415569453587894,0.011733646230566164,0.023883757868109923,-0.010435301132975527,-0.00028473804100226374,0.0002416042522348505,0.006228042159054592,-0.0022544004161969555,0.007259172061997221
2018-05-30,-0.0125817195016652,0.007785289899610692,-0.00956799072194836,0.03182993392703248,-0.003916842422416411,-0.008829393335232139,0.012077294685990392,-0.026027614664339005,0.004432084817936888,0.006111219322165962
2018-05-31,0.00924422236102429,0.0105305956495223,0.01932084309133497,0.02784119383039152,0.013611615245008979,0.022413793103448265,-0.00023866348448686736,0.016294606485253382,-0.0038934071638692114,0.013019383878227542
2018-06-01,0.01312043569748722,-0.007523939808481539,-0.01005169442848941,-0.023132347364429262,-0.01909877648463143,-0.026419336706014596,-0.01671043208402956,0.0009620009620010528,-0.026057500217145813,-0.0127206707914288
2018-06-04,-0.0018326206475259843,-0.04816151133092794,0.008413112851755056,0.014307897071872189,-0.013994523881959209,-0.012124711316397252,-0.020636076717649887,0.00016017940092893923,0.009810041915633727,-0.011832028745296874
2018-06-05,-0.007711138310893539,-0.024660334767238834,0.0008630609896431718,-0.01443411700382724,-0.004628201172477642,0.0005844535359438296,-0.014129895884977706,0.008167841127482367,0.010509582266183815,-0.009831168354166975
2018-06-06,0.011471567780930059,0.030655021834061102,0.005461339465363535,0.014423610340619009,0.007439553626782391,-0.005257009345794428,0.011315061604224352,-0.01254964257347102,0.013371788148925035,0.014825164449280281
2018-06-07,0.13521559601511512,0.02381154139479702,0.10951577964068004,0.006562397462539726,0.0,0.013799177921315353,0.008204873197414253,0.013513513513513598,0.03855109961190162,0.03393060109055179
2018-06-08,0.0,-0.003559013408376055,0.0,-0.009399108986200111,-0.0064615384615384075,0.006081668114682914,-0.023921085080148008,-0.011746031746031727,-0.002657365886065466,-0.005444270497329873
2018-06-11,0.0,-0.0011213555943184739,0.0,0.005703943399330891,0.0018581604211829195,-0.0023028209556706924,-0.011116725618999457,0.01011885640860899,-0.01973355537052457,-0.0016943558761199906
2018-06-12,0.0,0.01513450584175291,0.0,0.0008180182145389736,-0.002782071097372496,-0.010963646855164488,-0.0033214103219213476,0.007791381777707107,-0.014694640278603566,0.0023144067142342184
2018-06-13,0.0,-0.008765103420028675,0.0,5.448997384482901e-05,-0.0065096094234345925,-0.008168028004667427,0.015893360676749513,-0.009466708740927698,-0.02137931034482754,-0.00601540411771051
2018-06-14,0.0,-0.019709929341762744,0.0,0.004794856426742156,-0.011544461778471127,0.06493954248366007,0.003532677264698414,-0.013220770946161253,0.003435517970401758,-0.0028020057231373796
2018-06-15,0.0,0.004046535154274222,0.0,-0.013665202537823329,-0.014835858585858563,0.0,-0.005028916268544181,-0.010976594027441444,-0.006232990957773632,-0.004324626614035321
2018-06-18,0.0,0.007514693534844685,0.0,0.004893067238440851,0.006087792374239065,0.0,0.004043467273186829,0.051411783907295616,-0.013250883392226132,0.005615237549864149
