,returns,standard_deviation,sharpe_ratio,ADANIPORTS.NS,AXISBANK.NS,ASIANPAINT.NS,BAJAJ-AUTO.NS,BAJFINANCE.NS
0,0.3678870408304338,0.1938385091768987,1.8979048198038753,0.399027161829726,0.1776345727026925,0.04856585106429059,0.07108654092946791,0.30368587347382314
1,0.3444837225296526,0.17626251593918477,1.9543787894671185,0.14447960021675893,0.28945791044582303,0.06315662944825995,0.18497178269011189,0.31793407719904626
2,0.2744718383655767,0.17628291667967713,1.556996239541,0.29158428481221904,0.3230594048445819,0.041252530570274545,0.18332566006079723,0.16077811971212727
3,0.2906650645296837,0.16472651001553137,1.7645311887095654,0.004786063982988329,0.3317563436214205,0.14893662973896654,0.2768338949986902,0.23768706765793443
4,0.41951490302322053,0.18374331044911035,2.283157422155021,0.01990322540571337,0.15040404489078632,0.1486609321689937,0.20911885874935432,0.4719129387851522
5,0.2492638649839152,0.14369544004065182,1.734667884474259,0.06291181159712718,0.046268060468577704,0.42805605664908336,0.3544501604565311,0.10831391082868065
6,0.3341573492892936,0.16059119510802952,2.0807949593033808,0.054872868184515707,0.2665674684448101,0.4058213272401598,0.03520612625591317,0.23753220987460125
7,0.27472139807553575,0.15969484452252108,1.7202897118998288,0.3382538286622822,0.06923090696940666,0.2870341510038771,0.1946931308745653,0.11078798248986879
8,0.3774634116234355,0.1742155987595035,2.1666453194269137,0.2512939995256847,0.1850053280697929,0.2394073452016258,0.014659582846719744,0.30963374435617685
9,0.34009981778691134,0.17607129453961576,1.9316028696000156,0.35233921588743156,0.17248086028711215,0.1835514365560646,0.057253200998505394,0.2343752862708862
10,0.22236988806120409,0.15188543953356545,1.4640632357130068,0.11563172805050888,0.2988069780360558,0.28550437452926236,0.2411858932677468,0.05887102611642622
11,0.26889515796188146,0.16082900805105343,1.671931955686275,0.03517574952830319,0.2720469950832776,0.09186155034254466,0.38733264367565695,0.21358306137021763
12,0.22739941804231376,0.19829477030620896,1.1467746612336829,0.3420836015192863,0.5024113029339117,0.10945419674776483,0.01593368702169727,0.030117211777340024
13,0.25769029915470787,0.1809588509622121,1.4240270524734868,0.2857665271296671,0.37097991506826605,0.0013438947101152166,0.20268007158212978,0.13922959150982187
14,0.3616627470386206,0.17259808320313957,2.095404191789089,0.157385702825856,0.2717428012486942,0.1839953643012072,0.07304259850233771,0.3138335331219049
15,0.25106972738365035,0.1533645034321999,1.6370784749069685,0.11438988269556445,0.30014687457266354,0.31509266581709067,0.17023259927971984,0.10013797763496149
16,0.2523371025143639,0.1777066114505253,1.4199646285226493,0.29785070414101406,0.35702583823190764,0.04138439161182296,0.18594216556824364,0.11779690044701167
17,0.3088118189125562,0.16442223831536543,1.8781633316549824,0.18002156842470862,0.30728791013197015,0.25702815767214804,0.0608049610284508,0.19485740274272245
18,0.3113224948505366,0.1545228427058421,2.0147344521947907,0.17993857381093972,0.14831323716441014,0.23480790979141783,0.215215400564349,0.2217248786688833
19,0.41622070239015635,0.19889040635872432,2.0927138216986143,0.12613885438132225,0.29877405408245106,0.011405293686919034,0.10612376731160063,0.45755803053770694
20,0.34895604940748615,0.16075679746878668,2.1707078947951866,0.21159010373261586,0.0006543891219638928,0.33195831578014595,0.18860960996972964,0.26718758139554455
21,0.29032714862557607,0.16238078584985566,1.787940285582958,0.030299788635040115,0.30565198040446817,0.14071445752358736,0.28829921458375884,0.2350345588531455
22,0.3838556039686175,0.17277722596946038,2.2216794014071435,0.2701829343630621,0.11084016644561505,0.31082042059885073,0.0037122987020579493,0.3044441798904141
23,0.32332274695446644,0.15921730101368833,2.030701091501793,0.1685360463763359,0.23554120965929834,0.3580093190563478,0.03412345844677585,0.20378996646124195
24,0.2210004186879016,0.15756984152228942,1.4025553148547112,0.08089913839311022,0.3557174280869725,0.32774240291728,0.18665669178669358,0.04898433881594395
25,0.2712641440937183,0.1555855253254181,1.7435050177473141,0.06571904386666307,0.3130566865436477,0.3484731200229609,0.13504666984160324,0.13770447972512492
26,0.3312007752399609,0.16486219028010982,2.008955326125613,0.03622998364987758,0.3173310109991808,0.3800031551958096,0.02741625396928724,0.23901959618584467
27,0.3826301972427244,0.176286266372026,2.170504856204965,0.012640207749634516,0.29136807427368205,0.21709029586367196,0.10052547505125184,0.37837594706175964
28,0.3176796270401411,0.1614834802108248,1.9672577444169173,0.09556267109661179,0.24726078483502814,0.15487974981900657,0.23615331571507203,0.26614347853428155
29,0.2403417673122035,0.1750564890108258,1.3729383507591104,0.2888302924674953,0.3299696190134301,0.009429295536337876,0.2606870164735888,0.11108377650914783
30,0.2531666638441171,0.14817022796138096,1.7086203303277794,0.10911324540674303,0.2375581229864182,0.2825634049883671,0.2504984833709705,0.12026674324750125
31,0.24926963996299414,0.16059427225734751,1.5521701768014926,0.18954802941768367,0.26873416425936075,0.5010970857519449,0.009533723675207445,0.03108699689580327
32,0.184312101696704,0.1589846246451667,1.1593077136110803,0.1675437935868608,0.17904087645133415,0.04085395886286366,0.5559209930560272,0.05664037804291424
33,0.2931344447188938,0.16320084458351852,1.7961576453048402,0.33640127749868054,0.1164151132525036,0.403594327960572,0.0364816944716582,0.1071075868165857
34,0.29686546933940233,0.15062588135979027,1.97087955044259,0.03295569843618613,0.2038198856693083,0.28531661571982575,0.2596302681886741,0.21827753198600575
35,0.26538603027139196,0.16601330524650243,1.59858289597534,0.07263111507792354,0.1550400131569876,0.0019512054716188546,0.5371295950779968,0.2332480712154732
36,0.3126350161220116,0.15717472234273067,1.9890922119161676,0.1617130000663869,0.21833314847016383,0.2277548538712818,0.16878434596902653,0.22341465162314086
37,0.2964865217750103,0.17926705114228544,1.6538818477004287,0.26747957803619166,0.34833542358834135,0.055282471287591055,0.13041847945636192,0.198484047631514
38,0.2382718078133728,0.16149460927289663,1.475416479139168,0.03898079210053718,0.26452471335818745,0.0493692410843115,0.4747505129901948,0.17237474046676904
39,0.23535330419355843,0.16523576017116925,1.424348482130949,0.27938056241731757,0.30649582441040785,0.34185444984778623,0.05170059949683548,0.020568563827652847
40,0.2776999769702172,0.15153993053968218,1.8325201547951007,0.2159039551934143,0.17977168424350926,0.31257458081760536,0.1607501066841025,0.1309996730613687
41,0.1969616193118383,0.15600273952834726,1.2625523109871313,0.08977934743368372,0.024770235146933064,0.1575394789079398,0.6427829973174398,0.08512794119400345
42,0.2673580443542889,0.17336861243140456,1.5421363798482983,0.3812855681343997,0.15679335753074147,0.05930158768430972,0.2656993354314949,0.13692015121905415
43,0.3217777939824162,0.15639969330546166,2.057406809321277,0.16800228207570952,0.10059898534371205,0.21261367167419692,0.2651658545151268,0.25361920639125457
44,0.33622237648108927,0.15794033583537845,2.128793602360923,0.12426604706757474,0.1936884546048123,0.2609302268503853,0.15342311172423126,0.26769215975299643
45,0.2510106546501629,0.16059975312976438,1.5629579109461436,0.022174134551606953,0.3508929930669404,0.4440345720506076,0.09675118086547826,0.08614711946536678
46,0.3147700273924396,0.1562171628864402,2.0149516325633,0.05313567852888911,0.24292877439578126,0.25444425329252107,0.20231334442868604,0.24717794935412254
47,0.3952029202211637,0.17165906093593408,2.3022549352559945,0.06729513233567226,0.22979825192526046,0.33993261219666776,0.003863530716137666,0.35911047282626196
48,0.27192007569056736,0.14941223186557975,1.8199318241574964,0.17429668338096144,0.1002534718423752,0.22464161891926782,0.3368368843414925,0.16397134151590304
49,0.36389309907323353,0.16405139338470764,2.2181652442286084,0.17181882451566644,0.17114185201044685,0.28587404737802097,0.07357699310901701,0.29758828298684864
50,0.2815598429157731,0.15672265940768274,1.7965483994458729,0.2789629612208425,0.1515193675711368,0.24237830819540007,0.1854645333465634,0.14167482966605718
51,0.30366445643396256,0.20153330102688197,1.506770617494414,0.32371558544454404,0.45778911824763785,0.003348832922720519,0.017771600788072044,0.19737486259702555
52,0.2909662045197694,0.1657354398401073,1.7556064339677624,0.2517800504883842,0.17571413023510965,0.06117416521137395,0.3012940613687809,0.2100375926963513
53,0.19511802204406958,0.1768397921293987,1.1033603901846716,0.05903068654437795,0.47681460871585823,0.08745614121268301,0.3155669629235238,0.061131600603556886
54,0.35631055335743905,0.15744145440247692,2.263130474179826,0.11135041843288271,0.06813956634400162,0.33020060462119294,0.18982880592280277,0.30048060467911986
55,0.37799862966758496,0.18183344381573022,2.078817965140936,0.13443621745731654,0.17838285518987634,0.028161245529944243,0.2604531672810858,0.3985665145417771
56,0.25145534422286236,0.16088507868659932,1.562950065199595,0.09328902155279176,0.367192287055674,0.23758498730057975,0.18212444973711908,0.11980925435383553
57,0.2779598825787954,0.15519673067250603,1.7910163530786125,0.21985711941573893,0.127010165971453,0.15931927311411487,0.31774342836189934,0.1760700131367939
58,0.4230531424438888,0.17883439265281217,2.3656139972203287,0.21818217418675628,0.005335842849099817,0.33518725281216244,0.05120761049944717,0.39008711965253434
59,0.33007334507565084,0.16395523391586928,2.013191876784014,0.057440380740422445,0.30595010176989923,0.26554673604365087,0.10858103360751255,0.2624817478385149
60,0.30467563935526926,0.14957298260538682,2.036969739107793,0.16203178361136342,0.12308191768374972,0.3539080231502977,0.17420252529810779,0.18677575025648135
61,0.2179125702747747,0.15202328141708052,1.4334157784485977,0.25586999619350836,0.016428379094756973,0.27303008735067985,0.40873824378305723,0.04593329357799737
62,0.22282823484382036,0.17994864879216457,1.2382879023514117,0.4949904867405368,0.1289097637914769,0.17383119684821247,0.199281101869765,0.0029874507500088606
63,0.3004747509415155,0.1599340667994662,1.8787413898395182,0.19995839801316947,0.23839468295984328,0.18226683106946476,0.1773147296558571,0.20206535830166533
64,0.3290270965314945,0.16468524963629408,1.9979147935722714,0.020348172958405544,0.19874188480196137,0.12500337029811776,0.33693571561730096,0.3189708563242145
65,0.21129033751266607,0.16978315360537363,1.2444717454345762,0.1852921790050104,0.41913815006767136,0.22448646362024072,0.1468186366346751,0.024264570672402442
66,0.3139675063601646,0.1539594017853995,2.0392876480372197,0.21496136605729171,0.09883093298559145,0.4221623451354398,0.09127534886963234,0.17277000695204467
67,0.29450997786968014,0.1556255449900322,1.892426965563677,0.2539704446725981,0.10642053701485817,0.23582087595037854,0.2267740768372955,0.17701406552486973
68,0.31232432087749873,0.1631455130270051,1.9143911167559993,0.27211097978534665,0.00794992217171451,0.1966401273267255,0.3003050869086693,0.222993883807544
69,0.20874013646304176,0.15980148633551164,1.3062465265484506,0.31705935052054984,0.22363959588024518,0.2184434008586611,0.2348085725742767,0.006049080166267167
70,0.32328969004591873,0.1588006617269538,2.035820799045484,0.1653269876060672,0.10595113074715737,0.1736680454901052,0.28849158836798705,0.2665622477886833
71,0.2808625874774155,0.16207322984883277,1.7329363260013926,0.2612702871684712,0.18718754644244553,0.10885199316385459,0.2661364455118799,0.17655372771334876
72,0.25752118519235473,0.14572520065846947,1.7671698788454386,0.15729299906955915,0.12439356251020142,0.27673448709226484,0.3136385379997359,0.12794041332823858
73,0.3905710942400663,0.18961902529847557,2.0597674396083203,0.019549669267152077,0.39133586502580164,0.18929084290603243,0.01308238828523589,0.3867412345157779
74,0.22563324409419816,0.15709881179575833,1.4362504815602322,0.2560483629278835,0.2647751494450044,0.26068806719217946,0.18240794653247025,0.036080473902462495
75,0.28485589922881444,0.14966189871414798,1.903329449086337,0.13362371823759087,0.18876541029848903,0.2588914220551567,0.23991237349734523,0.1788070759114183
76,0.24575056668794124,0.14648555664514687,1.6776436688789622,0.06804433310194011,0.1485432430044994,0.5231590121022197,0.19501345335552628,0.06523995843581437
77,0.3469503573890422,0.2020260502163495,1.717354554115637,0.01920528820203255,0.5320274048128982,0.11291465128030798,0.018035059943907836,0.31781759576085333
78,0.321323377084345,0.16585147253580157,1.9374164857956413,0.20887639288835513,0.18123712847226411,0.09787790263289808,0.24878770823696708,0.26322086776951564
79,0.4902296108771851,0.20597710019473373,2.3800199653928273,0.006986114208381409,0.1963480279836029,0.17819710039011658,0.03531084402762865,0.5831579133902703
80,0.2334611652909271,0.1768151511522589,1.3203685530879037,0.25505780094404645,0.4194699532859274,0.141094249317818,0.11968094582972874,0.06469705062247932
81,0.1977824665285978,0.14740187058731463,1.341790750283863,0.1189221335734502,0.24041463603673088,0.34320805611599714,0.29027310140914797,0.007182072864673882
82,0.20015417480579337,0.16241323869214447,1.232375983741,0.27402503240248827,0.22233202263016308,0.0570753918019123,0.4009326253293934,0.0456349278360429
83,0.2519792775422147,0.14874504346722298,1.6940347837387948,0.23990993174728908,0.08724727385010893,0.3216737306149442,0.2631252280853716,0.08804383570228608
84,0.26081539961976374,0.16216390178965018,1.6083443771479962,0.1254222408815051,0.346680653477819,0.15839675426206656,0.21965601340702404,0.1498443379715854
85,0.25695012104517934,0.17753721499495181,1.4473028714147937,0.4015070062136002,0.2675604490063942,0.12516143844134414,0.12101626692047288,0.08475483941818869
86,0.2654103810291871,0.15729889713706188,1.6872996941480312,0.2561262880700607,0.23174544783080037,0.33590956487498425,0.08872265936288007,0.08749603986127452
87,0.2640995821789696,0.16223209733417773,1.6279120255405295,0.28365073509975985,0.23770321292815774,0.15401568318529216,0.19987186237631305,0.12475850641047719
88,0.18671379611372624,0.15497038552068337,1.2048353334502493,0.1773842573437033,0.2934983097499047,0.19819343988701899,0.3261729561125923,0.004751036906780784
89,0.21194585240760064,0.14558759815904732,1.4557960642778116,0.02990792722533483,0.21919087245433105,0.38791390256346003,0.31682666963127476,0.04616062812559932
90,0.3246477119763933,0.16323101159770287,1.9888850090356363,0.2808155924710565,0.12097268918241287,0.21806947557916004,0.1560923183979419,0.22404992436942867
91,0.34172970134349434,0.17519423211536223,1.9505762102856876,0.07607936546875525,0.20094562271428504,0.018652843632439197,0.35136639816446147,0.352955770020059
92,0.30426778148324346,0.1806685111447002,1.684121818215188,0.343995205823439,0.29859348579053835,0.0975883794924935,0.07488505387124395,0.18493787502228526
93,0.2658627657993963,0.1481831046812821,1.7941503275371649,0.2170278368142412,0.04986166417909755,0.3681819034083926,0.2552504807415765,0.10967811485669222
94,0.31073441808559665,0.15963443840941838,1.9465374839021166,0.1278999733728913,0.2732083586039893,0.4133448228239411,0.010515199637788865,0.17503164556138937
95,0.284194218729489,0.18578505992027514,1.5296936085788795,0.35617193315513956,0.35894840214719315,0.08451593414896669,0.05583996597661043,0.1445237645720901
96,0.282663153484215,0.1744741132969359,1.620086488149409,0.4409780498709418,0.03131227615502742,0.22566841730933612,0.18578504644190477,0.11625621022278981
97,0.29846208122010853,0.15065102725052107,1.9811486630209898,0.14642791834721347,0.1583176799066188,0.26212205640906544,0.23232253300662933,0.20080981233047315
98,0.23787953032577255,0.16184066459852528,1.4698378242320944,0.3124485315083046,0.24824268181770953,0.2752078977564049,0.1246862713450801,0.039414617572500824
99,0.2479663395061116,0.1571896615520585,1.5774977632609093,0.04902782517727559,0.33518694364782853,0.21163966135722936,0.26798792099004776,0.13615764882761877
100,0.2687667224429985,0.1509682168678718,1.7802867916114065,0.11028111424625764,0.22411963864540113,0.2055500887130106,0.29197329388452764,0.16807586451080292
101,0.3189304514100677,0.16779319810519344,1.9007352801638766,0.22180763247591787,0.2564200344546592,0.13308410060010933,0.15022301757657128,0.2384652148927424
102,0.1910073601077099,0.1797764407716181,1.0624715857533256,0.13772444099240247,0.48500254616785604,0.07396711151905778,0.26803269012934766,0.035273211191335974
103,0.2865683063320418,0.1542114882157502,1.858281180265359,0.231858590311412,0.13490298075130286,0.21518630054395427,0.24609122844464923,0.17196089994868155
104,0.23336179535701135,0.15562331291731754,1.4995298004033377,0.2676326402857188,0.20688026090296258,0.38884452314349816,0.11805961032859771,0.01858296533922274
105,0.4321412489586916,0.19044490693873206,2.2691142331137035,0.18865096877077034,0.010920553434433619,0.13302833367156972,0.20139805133400446,0.4660020927892219
106,0.3165879130583986,0.16190769629145033,1.955360494343074,0.2988631230980793,0.12946062582056653,0.3007098417620453,0.08811063291156701,0.18285577640774187
107,0.2585970998599836,0.14805759357754053,1.7465980204828295,0.10945070239997266,0.197235700099746,0.4651221061561027,0.14235761923391965,0.085833872110259
108,0.39248793884767097,0.17819654337756513,2.202556409952703,0.10753126027122985,0.19665974962743205,0.12272634305291835,0.16920608096989215,0.40387656607852745
109,0.2927035529984115,0.17202426865370363,1.701524763274206,0.036517848831193585,0.35100658614156816,0.054725117776422194,0.30262704261909024,0.2551234046317259
110,0.269819338984732,0.15075010201435163,1.7898451502145238,0.25225713634084,0.07339285385748354,0.36384650324136847,0.20508055838329461,0.10542294817701335
111,0.2789976058154949,0.1589937589440317,1.7547708014986074,0.2516845610084021,0.2351858270062572,0.22387827781132152,0.14843946836094313,0.14081186581307598
112,0.36641226767417245,0.1596556812666964,2.2950155282109885,0.07339416583617109,0.11980043084691573,0.3247973762895572,0.1579844318356457,0.32402359519171015
113,0.2245109389046187,0.14460158456777866,1.5526174182371035,0.050519155990011846,0.21050750595723955,0.34371145968991984,0.32087300413217973,0.0743888742306491
114,0.25259280820320196,0.17198645077737074,1.4686785328814813,0.316248818591771,0.29208029959601184,0.06619669443892777,0.21193398747604433,0.11354019989724506
115,0.2185735234940439,0.18118598978540273,1.206348922192732,0.3098718776614515,0.41602974825694206,0.10515143892402527,0.1347971915495695,0.03414974360801169
116,0.3213958782652278,0.17364352360446358,1.8508947042408794,0.40716486239406424,0.04064919766417402,0.3442067782515207,0.04862144499659628,0.15935771669364482
117,0.30060344929728816,0.1488416892072399,2.019618635735467,0.13725456544355644,0.0888229874200858,0.30075197843074036,0.26900454340263047,0.20416592530298688
118,0.197846771585353,0.19374215968788125,1.0211859509777546,0.3454406703424207,0.46875441667391843,0.02144251194029387,0.15883027295756544,0.005532128085801393
119,0.2635910323833297,0.14938501406019336,1.7645078660776379,0.12129014616455563,0.24180326851103578,0.3496286513077248,0.17062864538555406,0.11664928863112967
120,0.33889806939138706,0.16896015006250742,2.005786981522036,0.10628651826268827,0.20034523288364506,0.07811547731731149,0.29089575537669926,0.32435701615965595
121,0.3373978995932886,0.1737234107390638,1.9421556263367825,0.3262087187671706,0.1066515909933615,0.1253189222373792,0.1826972279743635,0.2591235400277251
122,0.406841580519242,0.16885976344495884,2.409345910589619,0.08637739087932238,0.09380138241579078,0.3651773835042911,0.07324027214891322,0.3814035710516826
123,0.24613330897673996,0.23011771501628656,1.0695973969640709,0.7571515042014588,0.030809614401674023,0.029987937299089152,0.16314677525012564,0.018904168847652298
124,0.28430801979192255,0.1549545284514876,1.8347835499427323,0.10550174481345068,0.2701091690186861,0.22412573472676997,0.2141557682536456,0.18610758318744772
125,0.3493245843996096,0.16516387702825036,2.115018069840172,0.1662033199392678,0.182905104939086,0.17388246118728373,0.17456556709544485,0.30244354683891767
126,0.2932829890075848,0.17212204371686224,1.7039246262380559,0.36038831325210197,0.0063820406046009425,0.12134307280972913,0.3255510888613738,0.18633548447219425
127,0.2748973040264512,0.15539849249119372,1.768983080978275,0.2985620451947315,0.04522270663303094,0.3413275922137865,0.20463149990332488,0.11025615605512623
128,0.3336136317470882,0.16137281875535275,2.0673471178120706,0.2776261978494868,0.06767822383312735,0.3864177090627696,0.06659167065409768,0.20168619860051856
129,0.30476467770425625,0.15520127420975172,1.963673811674847,0.12652670660428353,0.24110357230355883,0.26143917118161697,0.16249814629860634,0.20843240361193427
130,0.3109090397848679,0.15670607008919143,1.9840267808892769,0.26215895045931525,0.10528015514953049,0.34208834287315193,0.11552389327423729,0.17494865824376504
131,0.25426572915481427,0.2102544291865489,1.2093240087190562,0.021382850842111722,0.6466131807953528,0.04192875447213227,0.12399278388627302,0.16608243000413028
132,0.27833272141477294,0.1509463972145693,1.843917619438938,0.12076092186482369,0.2269232816308659,0.24393235475917974,0.23725436662938731,0.1711290751157434
133,0.2757138199546805,0.16449874519284305,1.6760846390132593,0.24432877704667372,0.18723479395649584,0.05001789641115854,0.3305780461330382,0.1878404864526335
134,0.41075928024993524,0.18341893821647293,2.2394594813603868,0.23621890966597725,0.14272685736806504,0.16448235562545643,0.062090112622567806,0.39448176471793356
135,0.290840791494858,0.16338982292682186,1.7800422712075412,0.12790623384750643,0.33296854414590044,0.39572770399841517,0.0038897805556800816,0.13950773745249784
136,0.3383187775729038,0.16625952184156242,2.0348836194495123,0.30618860368480844,0.04873713872305472,0.25927895906966913,0.14861831450166987,0.23717698402079793
137,0.25583809488532994,0.1572397676572979,1.6270571923187132,0.16363835924908549,0.24379945826237237,0.10548433538645426,0.33145551014459557,0.15562233695749245
138,0.202833287850624,0.15345184424339622,1.321804171534764,0.10858032512445734,0.22030651831727385,0.1078790484586604,0.4808589961400278,0.08237511195958067
139,0.2869922000391718,0.16466950403234626,1.7428375807994025,0.0763574501954139,0.3685522171138361,0.2341963747176042,0.13525641082862866,0.18563754714451716
140,0.3841116927287325,0.18596643023838538,2.0654894124512153,0.09578027258335388,0.09593208734174334,0.008056071831500589,0.3667312091947694,0.4335003590486328
141,0.1950716588158917,0.16958105471708648,1.1503151642813603,0.018028278181655782,0.44897493147799866,0.2130117937974141,0.2776702876379374,0.042314708904994044
142,0.4492602309889308,0.19334761294853148,2.3235881950532407,0.07313913881430435,0.2450483733708239,0.19337903828868758,0.002180772777597023,0.4862526767485871
143,0.3773020438893216,0.17255427296691714,2.186570273815587,0.03572993771337779,0.09832701044748313,0.14691193457444585,0.31730980912529744,0.4017213081393957
144,0.30429733997933056,0.14906531569646275,2.0413691713434003,0.07843908966726819,0.13944695177526462,0.2949908039150485,0.26440245451088173,0.22272070013153686
145,0.30266267869365027,0.15797059583545994,1.9159431354484455,0.16728946980082632,0.23625550547128274,0.19718919282326747,0.1882217977751648,0.2110440341294586
146,0.2368892180070402,0.15452093469534242,1.5330558184500842,0.29011573557232606,0.005025906065510376,0.29262903799613943,0.34732118406591106,0.06490813630011315
147,0.3015341217297958,0.16033194936244577,1.8806864316740077,0.2207846783658125,0.24400966973827787,0.23068888903578996,0.11962653776949499,0.18489022509062467
148,0.3669814000292802,0.1770701666489801,2.072519651245237,0.24639460091478327,0.18236417866906504,0.1060066284306647,0.13686348124550596,0.32837111073998104
149,0.360512939789072,0.16420085455126923,2.19556067947568,0.1664248208639354,0.16188392902281007,0.23390391010933553,0.1298818003969267,0.30790553960699224
150,0.23244445563705537,0.1555898154114688,1.4939567543180046,0.26650233271347507,0.2058316181908771,0.18334284412469357,0.2730430631923557,0.07128014177859854
151,0.3593499007724689,0.17636528445714633,2.0375319433104457,0.20299947186422246,0.2843414857863091,0.15911726359311892,0.05093616334102889,0.30260561541532066
152,0.3693108192422259,0.16549546766198786,2.231546425165647,0.13040218932049555,0.1786054503444923,0.24125582403859303,0.12069482084825352,0.32904171544816574
153,0.33058429178693793,0.16369101222152171,2.019562878257243,0.12031432234365257,0.0717753298535201,0.1278241697070793,0.3731846249167874,0.3069015531789607
154,0.25493646561067096,0.15549327898519802,1.6395336652135255,0.2950905478229917,0.1620243161777987,0.3187038631238962,0.15331091179417722,0.07087036108113623
155,0.36469768450781004,0.1788416675638462,2.0392210018820895,0.13819822106620028,0.11414021426537198,0.02652267513260829,0.3390284152788376,0.38211047425698186
156,0.2932174911437001,0.16819877147512444,1.743279624293006,0.3093265701383485,0.19360461706482138,0.10086767472507788,0.21036766472162238,0.18583347335012992
157,0.3471989008117594,0.1610963246758066,2.155225462222489,0.1763369391179694,0.1813731540605278,0.2804250615623264,0.09356139537951179,0.2683034498796647
158,0.2359480415558785,0.14923069598468452,1.581095899868307,0.19576426865694513,0.1573090413645747,0.1978432011942148,0.35116945319681214,0.09791403558745322
159,0.29884122475010666,0.15622007606987537,1.9129501935233892,0.1575248121916735,0.21286446294923875,0.18439388742233132,0.2321838116148333,0.21303302582192307
160,0.351122319620485,0.16382651926481087,2.1432569110067416,0.24492476840627822,0.09657734819370209,0.26440296386741097,0.124755483680099,0.2693394358525097
161,0.3727073653071202,0.18661814005945485,1.9971657910017697,0.3195895758650982,0.20510787851036014,0.07864567400692979,0.07380631848073523,0.32285055313687666
162,0.2941838112425396,0.16879130604729978,1.742884856641263,0.28743042420169784,0.16204644318455014,0.05350330547142011,0.28781583189358884,0.2092039952487431
163,0.294574662398927,0.15215541988384587,1.9360116295811396,0.22838708707000238,0.11927442528554053,0.3203886611837542,0.1713338340522175,0.1606159924084854
164,0.29398661731556264,0.15974833263234664,1.8403110221635877,0.2808714137822114,0.19065620026447533,0.28368113381451615,0.0974449769300072,0.1473462752087899
165,0.3478020929629826,0.17041604597251078,2.040899910440859,0.26091615742965985,0.19161282098462099,0.17559653590328095,0.09930855404961621,0.27256593163282206
166,0.3003624790664608,0.15711056934036602,1.9117904054930404,0.27230805481797454,0.12322419572893538,0.27415526486605535,0.160175359545928,0.1701371250411068
167,0.2843414455581068,0.15714475242664347,1.8094237393694699,0.2429215368689551,0.15394964026723287,0.16721098632825096,0.2602111101948154,0.17570672634074566
168,0.24874328120250183,0.15420578307333935,1.6130606534010532,0.21072144317135919,0.259156912664586,0.2947764169712067,0.1558867802457886,0.07945844694705957
169,0.27429471589599497,0.1831607954015975,1.4975623756960526,0.0388148296886946,0.5050043689310422,0.21145659739009265,0.07883285805627537,0.1658913459338952
170,0.2951080406970766,0.16454296640681212,1.79350140052452,0.27334219244106917,0.012789072640909616,0.13631382169664227,0.3688892880954927,0.2086656251258863
171,0.4247435408884871,0.1792213063394458,2.3699388736963076,0.15721385804164506,0.012324954980483842,0.26554204093115386,0.13776140783886967,0.42715773820784747
172,0.22071494934204577,0.15337350256527923,1.4390683243874183,0.1592759450829518,0.29721098902396864,0.28643697955162617,0.21304093138254643,0.04403515495890698
173,0.2998140480491562,0.1569590164220688,1.910142245303989,0.23602774185783457,0.1463890273322577,0.20360461823109724,0.21880325109597787,0.1951753614828326
174,0.36174341163254864,0.18284213979426467,1.9784466099531814,0.3650815162321231,0.12349557056574306,0.1248384312307192,0.09833586783769555,0.2882486141337191
175,0.22062327506003718,0.17271916026480572,1.277352638362686,0.15264127826438995,0.4480933916436376,0.21274433462045736,0.137419751611159,0.04910124386035617
176,0.24414292166429227,0.17509178462560804,1.3943710847789552,0.02094512362406905,0.4545998641369159,0.423125672802509,0.03197904231926094,0.06935029711724494
177,0.23241580903174935,0.1564625343807413,1.485440651665406,0.03018027843678551,0.3385953065753775,0.22410957011293003,0.29587728609662806,0.11123755877827891
178,0.21877362830855765,0.15487008829630022,1.412626742292521,0.3063636955513509,0.12534879248070754,0.2317885051562614,0.3035935959387377,0.03290541087294249
179,0.2741995246899275,0.1660409046007309,1.6513974393796482,0.3347931675805179,0.17951386181886778,0.13107536520597501,0.2145333822097656,0.14008422318487382
180,0.18829911620559134,0.15167411938214234,1.241471629917115,0.06009231797492501,0.06284220397806707,0.20112517075358105,0.6128536227191475,0.06308668457427938
181,0.30503122398377525,0.15969726753919272,1.9100591305290482,0.21045598327358717,0.14184488978969,0.13837505656136576,0.28070768351215664,0.22861638686320038
182,0.351174050493612,0.17440852946493526,2.013514198938392,0.1199372303512211,0.3096724909760016,0.1356789846102462,0.11980961119138668,0.3149016828711444
183,0.17701707363891875,0.17983615202320316,0.9843241842501129,0.06558974788701873,0.4977339907840938,0.08903672899545026,0.32171221357343577,0.02592731876000129
184,0.20887206412747544,0.14322066857608914,1.4583933045704751,0.047633354772389995,0.14001322912393868,0.3320719701006729,0.42122731456686946,0.05905413143612895
185,0.3991864060548187,0.1769440684249588,2.2560033213213466,0.07859493290575505,0.09038450101990411,0.15080484774759914,0.25318223248900384,0.42703348583773787
186,0.2875740331994922,0.17244921000308377,1.6675868401736937,0.3011853131148254,0.1423830295015433,0.007060456891569318,0.34093590882113506,0.2084352916709269
187,0.25607099777846704,0.1767320723748305,1.4489220566336531,0.3937068773885064,0.21969865613590447,0.04511686645929506,0.23006954823793194,0.11140805177836219
188,0.24006040380108806,0.1515647261416282,1.583880431234151,0.05224440784015823,0.2995318718269647,0.3231718736236334,0.2286850480598169,0.09636679864942667
189,0.32482230529039696,0.17604745271130123,1.8450838128460194,0.12687616986155348,0.3431218839114756,0.06733065132387943,0.18011316127168772,0.28255813363140386
190,0.3088326620537651,0.18276764728813522,1.6897556358368337,0.3740434224933692,0.23217983009872262,0.034508987413706546,0.15126410921062683,0.20800365078357483
191,0.3322721736055436,0.1653951567190578,2.008959513669104,0.2988936260188677,0.14812534330235202,0.3147300715427976,0.034363735341435935,0.2038872237945467
192,0.35017222085234684,0.16658302697493274,2.1020882331850075,0.07370842350150852,0.2946546130391722,0.3624730884356187,0.0011478345452986224,0.26801604047840205
193,0.30058181776467424,0.1608121948215335,1.8691481581869744,0.15254696382068098,0.24536278038256512,0.13244929934117555,0.24210085216262064,0.22754010429295765
194,0.36191636095838053,0.1665149145758744,2.17347714395559,0.2395593210009021,0.09912195642880658,0.24487913846389345,0.12242377083583353,0.2940158132705643
195,0.40285600663621207,0.1781036701880975,2.2619186129671043,0.02120898311911124,0.17562213228150575,0.1675337700907537,0.20001898015918657,0.43561613434944274
196,0.27293630995187734,0.14633539502402942,1.8651421271460609,0.11549915655720437,0.13723893494919578,0.27033407648236085,0.3110041718050556,0.16592366020618332
197,0.22188132996680415,0.16966187987653963,1.3077854031103735,0.3862172599093678,0.22217693934210667,0.13747495020188158,0.223288720766715,0.03084212977992888
198,0.3544977396760655,0.18605479538293004,1.9053405151232645,0.17249990262965373,0.32563661763551616,0.01016650764633475,0.15432719689214355,0.33736977519635186
199,0.3487215147901629,0.18648276665441318,1.869993249491026,0.2885692791683877,0.30771738633385043,0.06450196295200242,0.05577983608404872,0.28343153546171085
200,0.2509566305788891,0.16619125688023656,1.5100471305764152,0.3276726919487974,0.23470572108035426,0.1226084464902742,0.21611542800640893,0.09889771247416511
201,0.31604507050296315,0.16890906660196464,1.8710959503892441,0.3590413319716099,0.11253026952561128,0.23047583645011388,0.11230565695754167,0.1856469050951234
202,0.2847371677100934,0.171264803239897,1.6625550745020936,0.07232895046742857,0.36425027317638675,0.0616441447115539,0.273213546671123,0.2285630849735078
203,0.2737763760773072,0.15325096030298063,1.7864578175304422,0.1951351916478826,0.21668665960050543,0.22575722994652866,0.2135569585917552,0.14886396021332818
204,0.2386285571754617,0.17606555527593065,1.355339247370004,0.07069553849300744,0.45544723521934366,0.0799498585739693,0.25773639300674694,0.13617097470693265
205,0.2106713085493672,0.16430047926423447,1.282231856491163,0.049223860590625494,0.3633592603839804,0.08043207288117842,0.402916288585497,0.10406851755871874
206,0.31562573730794397,0.15652561161129933,2.0164478774996812,0.17114851081599375,0.14345694234314416,0.19614688260109195,0.24715682587125784,0.24209083836851222
207,0.2410052074500424,0.147798873872022,1.630629524679106,0.1518562611884611,0.21870403159231414,0.26529897846194433,0.26974938791664366,0.09439134084063687
208,0.29787360933447493,0.16319265285599419,1.825288112678253,0.19891950146879794,0.30225076255739464,0.2839968800121821,0.05028842049546939,0.16454443546615594
209,0.3620227975337417,0.1775131824619417,2.039413594600831,0.2819149205899939,0.08807152728177552,0.0946229509370586,0.21225673353612687,0.32313386765504515
210,0.33912379382117186,0.17845148694221635,1.9003696726325523,0.19816410438443774,0.2708658034808011,0.02484409221919063,0.20000543812257499,0.30612056179299557
211,0.3774544445892121,0.17710856313126566,2.131203810340092,0.27412154203948763,0.015000618936746885,0.1683422331678399,0.20263178477230465,0.3399038210836209
212,0.22629842818870666,0.17049351837109883,1.3273139668344576,0.20617739908965008,0.4068093790657431,0.2867124930822445,0.07122543176960286,0.029075296992759195
213,0.3289885818465508,0.1699930842103462,1.9353056824327428,0.22580520949817806,0.2798226787149868,0.1801065596909535,0.0745702103902765,0.2396953417056051
214,0.3474442725912776,0.15559554379092802,2.2329962936350833,0.07434970582003828,0.002897110991954442,0.4861364683745,0.17506890517062879,0.26154780964287844
215,0.3522558426646691,0.1591539175091695,2.2133029973602394,0.1511195137857246,0.13889011023534573,0.2923616937378182,0.13247193000804014,0.28515675223307135
216,0.2600878807184599,0.1708902450068541,1.5219586156484721,0.32504438786875045,0.17754774285446773,0.0151427633773664,0.3329379899249413,0.14932711597447418
217,0.32381535585779553,0.16810891223222343,1.9262236103846848,0.23517260641428142,0.25007829478950927,0.15521947603923228,0.12154346130019963,0.23798616145677745
218,0.2532044287848454,0.17021309934214812,1.4875731054980383,0.2564308953621811,0.3334944539666298,0.07799104564200621,0.2085860865362848,0.12349751849289813
219,0.2780203465600256,0.15898025168306779,1.7487728420147934,0.21815081391660546,0.2686110815224592,0.22674293591021852,0.14244094424120082,0.14405422440951599
220,0.2966414696213454,0.16650392273367298,1.7815884740195014,0.10103276672083919,0.24630854966773058,0.038241774506530046,0.3549000537232734,0.2595168553816267
221,0.26249386966743815,0.20471973385684278,1.2822108778775372,0.10755482260677823,0.6107276350610479,0.07834153583175912,0.052638625797612776,0.15073738070280202
222,0.3339994752807145,0.1601416862225748,2.085649796496469,0.1231136879582983,0.21065691111905768,0.21118027820283494,0.1795773810445121,0.275471741675297
223,0.33686156250882093,0.16801893366923254,2.004902394940664,0.3298558434020942,0.10704775382446782,0.3060336792011113,0.04723545438411507,0.20982726918821176
224,0.3427714223417708,0.18125437714995993,1.8911070051465877,0.08975513708065702,0.3328720796334665,0.026312530343373337,0.2159843032441256,0.3350759496983775
225,0.2756359238795413,0.1448208505235126,1.903288945501601,0.03902858947775653,0.08676096074144157,0.36251920441182306,0.3390783745005419,0.17261287086843694
226,0.3630017367233772,0.17742804916776397,2.045909530235252,0.2680322004405365,0.014189082280867649,0.11251615027922568,0.2735660424273112,0.3316965245720589
227,0.3047621318276005,0.16584714800781933,1.8376085177734356,0.25535299389128224,0.217613623101516,0.11860380597140718,0.1953631449379764,0.21306643209781817
228,0.32758514951183704,0.1541978125200794,2.1244474494032097,0.05252051569975862,0.20321427195711517,0.4065097019680229,0.1042633672403845,0.23349214313471875
229,0.2680122542863637,0.14763919355271504,1.8153191428173785,0.16241081304664917,0.06121643526158198,0.5006037187805554,0.1833755944944945,0.09239343841671893
230,0.23514950657409672,0.15013587889276725,1.5662445799651223,0.18112425159439405,0.2310707132069827,0.23502926297031237,0.26972843968453963,0.08304733254377127
231,0.1835689910037012,0.1464950194646315,1.2530732558318851,0.10677083950359043,0.11150411413586177,0.24718807349134805,0.5094671218814569,0.025069850987742736
232,0.33957171373360817,0.17622137795503712,1.926960949200215,0.28459375222188665,0.2679941536753664,0.1669896566105651,0.03413108328356192,0.24629135420861978
233,0.32166677106232133,0.17026010087979965,1.8892668887199349,0.2342680932780395,0.30255635583213736,0.23332356516313774,0.02126511423043471,0.20858687149625085
234,0.33043703492113013,0.17647720178384346,1.8724063594676836,0.26329285892887344,0.1593904325450663,0.0141190307861964,0.27512124952653155,0.28807642821333235
235,0.21501021416993482,0.18740870222854158,1.147279777369856,0.2563094592057154,0.494865553018331,0.16683512681775842,0.06371016813426032,0.018279692823934834
236,0.2768418397069042,0.14595456759242958,1.8967672219753369,0.03364779470693569,0.05137094474027738,0.36716010496086965,0.36917079107567874,0.17865036451623853
237,0.29572370228724126,0.15797230996924777,1.8719970755938768,0.2762508276660045,0.12822273287523445,0.23091008867639515,0.1926463622686032,0.1719699885137625
238,0.35455940255872287,0.18944234014794448,1.8715953481245569,0.34400168397591824,0.26128693522462487,0.055483820639145164,0.05378087142647746,0.2854466887338342
239,0.265109305061419,0.15717994036706204,1.6866611887134562,0.23903718829401338,0.25037575866072254,0.25134900482109307,0.1473870873226645,0.1118509609015065
240,0.343229208765485,0.16357341399954736,2.0983190383642345,0.11837884791446063,0.21041849303949808,0.1774510245718984,0.19242222545882048,0.30132940901532257
241,0.21129129218740042,0.15269862983221733,1.3837143949462003,0.18605108363078443,0.27647806562808314,0.2831527814533295,0.23059565569057458,0.02372241359722835
242,0.25936166145854905,0.14577035791462836,1.7792482996470818,0.16972921339434519,0.07710024318910132,0.4435901583276626,0.22064224453025558,0.08893814055863533
243,0.391538183752671,0.17576442266976133,2.227630471544977,0.291952507856172,0.04394551590858251,0.3029988658548167,0.04044996163708832,0.3206531487433405
244,0.39316287968118396,0.18970703229033214,2.072473934859084,0.14491735202932582,0.28461284065265213,0.038274760858323355,0.12454588074104748,0.40764916571865134
245,0.30548505005742776,0.17253814857821317,1.7705362702379324,0.16267182537371203,0.372141179822809,0.16021039301885617,0.09249958428837489,0.21247701749624806
246,0.4988208467991935,0.2101067048891582,2.3741310257678183,0.08518437113591425,0.14021727792946034,0.1259845937312009,0.05264932367669419,0.5959644335267302
247,0.3808112620963409,0.1873152568671547,2.0329965026095818,0.28880897546203754,0.17324887890112195,0.04254689400714988,0.13752097185861115,0.35787427977107944
248,0.24533742532930827,0.1575793063422223,1.556913982071336,0.24774948638032349,0.266758285823885,0.2627893197433655,0.15159284908118528,0.07111005897124062
249,0.22692522019670242,0.14482644400284758,1.566876973049484,0.08383139182401331,0.21091044709915685,0.3098981946727478,0.317165195102324,0.07819477130175807
250,0.2824034409752526,0.15103131756832125,1.8698336578273127,0.1073064292300566,0.21384398066797275,0.2274626876955586,0.263958038739634,0.187428863666778
251,0.26761159515198074,0.1475461569621667,1.8137483256890305,0.15056805020559524,0.14534724526635637,0.24481561428516116,0.30616979991885207,0.15309929032403513
252,0.2989811375242828,0.16718261587135771,1.7883506366136794,0.04743529324384052,0.3392375500977872,0.12461158313777461,0.24297036727558238,0.24574520624501528
253,0.27732408862765867,0.14832829095066746,1.8696641540884062,0.08125054195617337,0.21446347888908973,0.29373470911792976,0.2420590080723989,0.16849226196440834
254,0.25420519990857315,0.14845093371584347,1.7123853218408085,0.18896943755121004,0.14814028431591053,0.23043919211327454,0.30919444952141867,0.12325663649818616
255,0.27494935760874495,0.17427613490824126,1.5776649955744628,0.314491409910577,0.3323352309632869,0.20239877450538982,0.03864834515153617,0.1121262394692101
256,0.32809528343278516,0.15804624025160172,2.0759448811339887,0.1696893194263683,0.10476279928316223,0.20329533775937556,0.256346220586607,0.26590632294448685
257,0.28963648945656534,0.1658807100320748,1.7460528677539482,0.11531461484980232,0.2861466580298056,0.05954564793080855,0.30508007471989124,0.23391300446969224
258,0.20323485085751702,0.15525984980308372,1.3089981158379327,0.16362464379229644,0.25737867269578235,0.11241743623330182,0.40368126351951994,0.06289798375909948
259,0.31492892110327697,0.16103415121309358,1.9556654208493776,0.19550240583280043,0.12497330819585283,0.131569788554811,0.29484833771726243,0.25310615969927325
260,0.3653713554043339,0.1683371607609983,2.170473552913731,0.24991611360747917,0.13832659117556767,0.2658163585249179,0.05849900159148726,0.28744193510054805
261,0.29987413957543096,0.1525093304939266,1.9662674972359997,0.09565145928409222,0.20965862800677848,0.24139417881693512,0.2361673323797018,0.21712840151249244
262,0.32286614331663444,0.15124548786027509,2.134715870763083,0.132272823074241,0.043703531938728495,0.36586919032802384,0.22706003039589367,0.23109442426311297
263,0.23581400452781204,0.1499178736882352,1.572954569901411,0.249347675872981,0.14781046434575523,0.2831355160607748,0.25802918269280933,0.06167716102767964
264,0.23231685754652065,0.1718414476196835,1.3519256312404926,0.4495500808040722,0.01779508551861864,0.2784856439282069,0.23831332199792582,0.015855867751176433
265,0.21287532035078957,0.16295050976300768,1.3063802050106603,0.28960756065667626,0.2916528518345165,0.1853801405876353,0.21126839178820914,0.02209105513296277
266,0.2841969808322348,0.18036599917807686,1.5756682641257944,0.44525309026428067,0.06195665190954409,0.0905700724558201,0.25236078970374826,0.1498593956666069
267,0.26219924312058634,0.14462798397995502,1.8129219249638875,0.13359804592450922,0.06639643054373505,0.33319762914110984,0.33310563503662016,0.13370225935402563
268,0.30612113703158794,0.15641507164195828,1.9571076739479054,0.2320117767020821,0.033316183333884565,0.24620469154836697,0.2807091167851271,0.20775823163053922
269,0.3205894200537197,0.16994349137824105,1.88644717990516,0.09199240412768742,0.2995720860364243,0.08423418744680858,0.23913568573605987,0.2850656366530198
270,0.31473756597574754,0.15021029601198577,2.0953128669064975,0.0020296397862514,0.13064387307123101,0.35908992502630305,0.26270985028713023,0.24552671182908442
271,0.3498267129020249,0.18477166962004127,1.8932919403791593,0.25963629805122707,0.3173724616973395,0.07605966331796445,0.05774699256031254,0.2891845843731565
272,0.20385000112927598,0.15333851229398596,1.3294116271224,0.21155961334287213,0.2595241745090515,0.22403778555346052,0.28352156297421943,0.021356863620396366
273,0.3141932523418573,0.15667745498425303,2.0053507530706027,0.2604549121337811,0.046636317012149514,0.39557342455150696,0.12416599218076123,0.17316935412180132
274,0.2128767132672211,0.15240781585402036,1.3967571943365373,0.010995220322320172,0.25597841319863784,0.1771730994715778,0.4515994738090168,0.10425379319844741
275,0.3361175241554576,0.1725420920029521,1.9480320439705046,0.12922688638446228,0.3408903985319276,0.18341408220935682,0.07551673760027647,0.2709518952739768
276,0.22618665496290372,0.1550993197302615,1.4583342812610178,0.2659872470676918,0.21877530191254382,0.21622475683480968,0.24821489200788105,0.050797802177073685
277,0.3318092798132327,0.17756900154662805,1.8686216452374573,0.17422987851491928,0.3208453494200416,0.05576343059863608,0.16229992756229553,0.2868614139041076
278,0.29224572955401107,0.15662356872232533,1.8659115734498903,0.282085223001457,0.008376604536845567,0.3275425017422903,0.2302252982712567,0.15177037244815042
279,0.3041203717933912,0.17143913949488723,1.7739261448081456,0.24626745041222198,0.32183911305873764,0.1705577070728486,0.07146864347718701,0.18986708597900465
280,0.3880494886081968,0.19215304967281274,2.0194812898829624,0.13329705113310103,0.3661235024174375,0.08642556638487295,0.0332267971048661,0.3809270829597223
281,0.28409474896567893,0.15560806060843357,1.825707150740504,0.19792714037656944,0.2087953349283963,0.18602273634082955,0.2303615445285061,0.17689324382569865
282,0.19423071017486568,0.1529196845751842,1.2701485143292364,0.20987757805168605,0.22047815365917606,0.1624394454500401,0.381498206528415,0.025706616310682533
283,0.29991586271950643,0.19767716192555818,1.5172003674984447,0.14447924990978137,0.5364000024549368,0.08456839472695343,0.024062497966861086,0.21048985494146724
284,0.33586517081635453,0.16360743491069785,2.052872297641488,0.19313525964986375,0.22482917272485925,0.2243192045666622,0.1031701850492856,0.2545461780093291
285,0.30572260297796383,0.1644013349325263,1.859611438699319,0.0963909957056915,0.3365886150718791,0.2196539683867593,0.12817215128845,0.21919426954722007
286,0.24088120620412135,0.15636282037767765,1.540527381268121,0.30897938993876345,0.12428686958397642,0.20930599852975382,0.2816301650541194,0.07579757689338697
287,0.2722539921952005,0.17661461785784816,1.5415144878569997,0.3533755896220034,0.2092859786056241,0.0016625496734891758,0.2732202892692777,0.16245559282960578
288,0.3114933481503648,0.1589469787725316,1.9597311666813226,0.0024745478716479367,0.2435279580190324,0.20058351394128832,0.28389742736064355,0.26951655280738784
289,0.2664035960334716,0.18892529331902436,1.410100211323294,0.34360214831650826,0.3985193811110216,0.03118411476390198,0.09919121634118963,0.12750313946737865
290,0.32569731710496985,0.16871627442869636,1.9304439847776365,0.005161267074244375,0.22162310753351872,0.0824859351102301,0.3645389921042834,0.32619069817772334
291,0.36491782912866305,0.20214972294944772,1.8051858978798567,0.15014835990276332,0.46239199662421665,0.02385044225663936,0.02039328707459921,0.3432159141417813
292,0.33542830379233846,0.15974357467724226,2.0997921479475004,0.17955068415306732,0.20607719224536947,0.33281085649341957,0.05048718211743112,0.2310740849907125
293,0.3054667156083111,0.1573002410719099,1.9419341860300572,0.024184887192562586,0.2503842207974634,0.2101657918385132,0.26517475854973876,0.250090341621722
294,0.25087927249177777,0.16391569120860458,1.5305384776891215,0.15378393400242313,0.3746074420258532,0.24343565450545349,0.12821412873949792,0.09995884072677225
295,0.29384145158051084,0.1584951211081061,1.8539463519516663,0.1706049465271311,0.23251567672397902,0.15373403387079496,0.2362354704137187,0.20690987246437623
296,0.37751925287758054,0.167618578967952,2.252251839873674,0.12724912124792756,0.18695014489054482,0.24734199185929473,0.0970649560883401,0.34139378591389274
297,0.20877724433164674,0.1446375223449357,1.4434514705924566,0.11039722215928373,0.15855861177552738,0.4447038237062684,0.27608662126285577,0.010253721096064698
298,0.22961324303139027,0.1672781953750952,1.3726429946026049,0.31081252016160393,0.30429682030468275,0.16602460345577508,0.1703679502233128,0.048498105854625544
299,0.5482167013158824,0.2365020162215908,2.318021258652739,0.13858321594233344,0.11932785350215384,0.020343647358884585,0.02649288872458664,0.6952523944720415
300,0.2542811380328576,0.14633209359670135,1.7376990363690776,0.09581750971960952,0.21449494650334397,0.3812090026906736,0.2060902288424122,0.10238831224396064
301,0.32194135944577407,0.1612568225406676,1.9964510919504397,0.1529334837990006,0.27169099047588574,0.3069976040911711,0.053112926477174846,0.21526499515676764
302,0.3247477649240524,0.1736477957403167,1.870151956375534,0.27280066928435637,0.1679392784751803,0.04403476114757259,0.2481669671581038,0.26705832393478696
303,0.28515748231184695,0.17361262600058638,1.642492766113012,0.3247732424222899,0.2673635352983827,0.08646736313451787,0.15750038262561275,0.16389547651919678
304,0.35035803329416126,0.17078892639706403,2.0514095420895164,0.3308653953385877,0.0018686678923066139,0.29371035895937836,0.1267342160337476,0.24682136177597974
305,0.36153713997792986,0.18439617869568445,1.9606541878212531,0.24813609294394431,0.3022827982453342,0.09295010488901019,0.04721385379344627,0.309417150128265
306,0.3428818987709477,0.1937192261333959,1.7699941591488588,0.3405615252868025,0.3124843336771734,0.003979389904819948,0.06835249672114421,0.27462225441006
307,0.34538978512891116,0.15635259596595727,2.20904413511697,0.08686558629376469,0.018315798026587966,0.33392476833961193,0.26801425127552964,0.2928795960645058
308,0.23133556228541574,0.14503145356749989,1.5950716661454998,0.018855316706228777,0.04019281488339662,0.41030489418437494,0.43548189494627165,0.09516507927972807
309,0.37482777560359987,0.1739922682590766,2.154278344400205,0.1780049234450669,0.14522728726140544,0.11856204723353483,0.19714641920464246,0.36105932285535036
310,0.23474928749354917,0.16318816389400537,1.438519080624159,0.29789820028965425,0.23353470192003262,0.10124742306484785,0.28212315345048267,0.0851965212749827
311,0.3504994290755161,0.16830089768039633,2.082576111632602,0.24955736398198589,0.1280982943850493,0.1702895715386826,0.1637083893787631,0.2883463807155192
312,0.2688108324493738,0.17067543315726344,1.574982570582883,0.19303708083287752,0.37265713135940776,0.10972641603937773,0.16962592528496723,0.1549534464833698
313,0.19806854242795482,0.15658838578472015,1.2648993182691222,0.04434001206768588,0.3443965866232742,0.21492201684036677,0.34560988113925517,0.05073150332941805
314,0.40041380409816985,0.18666864884846776,2.1450511725898562,0.060740332864807754,0.13571574328939237,0.04107511308326397,0.30449074498107426,0.4579780657814616
315,0.3782114044651551,0.16885496405522432,2.2398595539155153,0.22821036794459934,0.13604754674904107,0.31891716785130536,0.015272254946705706,0.3015526625083485
316,0.2613473513855758,0.15054073196747278,1.73605739768852,0.024936584676732203,0.26288367001819307,0.276855933840026,0.2792772840821731,0.15604652738287547
317,0.26183063405697754,0.1816550305361604,1.4413618675143562,0.38392479857994566,0.2916891424268783,0.03227060863513853,0.1724536245698104,0.11966182578822722
318,0.3285432688638386,0.17537442171702108,1.8733819085314858,0.39228619067263093,0.1153782224557722,0.21849777523573466,0.07319140226187328,0.2006464093739889
319,0.32316713602669805,0.16115067789126275,2.0053724889991265,0.26783232914812566,0.05995591235861379,0.2350087268168957,0.2101262346816916,0.22707679699467334
320,0.33673704301201307,0.1623392091599486,2.0742804203279985,0.1985749903290225,0.06104620535602526,0.1843198123723459,0.273779977884362,0.28227901405824424
321,0.29802593939390737,0.16674974379897375,1.787264751382134,0.17795484960836175,0.3077474067454808,0.11915366826374309,0.18199614771359854,0.21314792766881602
322,0.18743425327838809,0.16357074597977955,1.145891046443956,0.17733516566677923,0.3489388454718479,0.09494992859889825,0.351580392381762,0.027195667880712704
323,0.27370140773677726,0.15539870551696666,1.7612849915721733,0.15002198600871952,0.23268409294334663,0.15051923630219674,0.2876664109247416,0.17910827382099548
324,0.31144808783111744,0.14891336840655622,2.0914716466611423,0.12296979825056396,0.07532292203315251,0.44153749985965396,0.16910776576446146,0.1910620140921681
325,0.2622550267594237,0.1729669052793441,1.5162150605393439,0.33715518391057114,0.30826880814026214,0.2897391210059427,0.0008524975416469256,0.06398438940157714
326,0.32829150462058676,0.16715153883357103,1.9640351917277836,0.2910213040447731,0.16615683617144994,0.19005625840828994,0.12273302959838427,0.23003257177710262
327,0.3260582749091884,0.16717012788343802,1.9504577704010468,0.2889717080561629,0.18358101864457266,0.19468744640011748,0.1090145962520333,0.22374523064711363
328,0.31506615213603867,0.1636245571634306,1.9255431922810093,0.2178575260072844,0.15559829533240505,0.11173864910049734,0.2656159462439203,0.24918958331589286
329,0.20734672651499758,0.1525004727897407,1.3596464504138024,0.28426876933720435,0.1476305772025495,0.2868175846550755,0.2785331136976546,0.0027499551075160816
330,0.2665036008879007,0.1585312104304177,1.6810797076760735,0.17741361453577306,0.2679293843786155,0.13495219208098685,0.259972782151827,0.15973202685279755
331,0.27732352229091184,0.16417407925050434,1.6892040665430434,0.1364863606342775,0.3419338390959467,0.150276029029189,0.19377861692518628,0.17752515431540056
332,0.390884034772811,0.18143200584005098,2.154438148677093,0.05560632816659964,0.3224391166273958,0.20908366788615282,0.03339041300354878,0.37948047431630305
333,0.32910357321937017,0.15975343135717754,2.060072014876217,0.11104375729245897,0.24930504460136427,0.25880480802877714,0.12694901084716617,0.2538973792302335
334,0.30149537420817696,0.15511850274691164,1.9436454637529026,0.22418955029633078,0.15916811841463716,0.2544675541116769,0.17557134029176796,0.18660343688558725
335,0.42155143984326854,0.173330061127263,2.4320734505121737,0.05382382271495333,0.12862890588321113,0.3824870867685475,0.02793004063871898,0.4071301439945692
336,0.2503672542548684,0.17188932671358575,1.4565607943304597,0.32515205753125925,0.3247721443773879,0.22651349251121422,0.06168972000990271,0.061872585570235866
337,0.2761808487125243,0.16992964737658417,1.6252658260419672,0.28938559459185176,0.3182690260618947,0.2348944537977112,0.043389869623149856,0.11406105592539242
338,0.3064881799052981,0.16861926979310932,1.817634368132122,0.2847739003859241,0.23028809494067543,0.12883187042900227,0.1521707505482163,0.20393538369618197
339,0.30886966701631535,0.16540117063048124,1.867397103895677,0.0490244767520673,0.34321178850416467,0.4222719217712991,0.0017611398526389001,0.18373067311983005
340,0.2625222665431744,0.15040830184063317,1.7453974503437506,0.22054052399848556,0.15155497147133395,0.2432002057431374,0.25964331334598484,0.12506098544105837
341,0.21141508158591424,0.14628726430261205,1.445204971148943,0.07646850132877649,0.23669273997365262,0.2955076407921904,0.3364516522999335,0.054879465605447056
342,0.33371759635451176,0.15863555141938862,2.1036747019730435,0.08887681571042992,0.24413621908090682,0.336838653773955,0.08223435833595596,0.2479139530987524
343,0.33300799248984836,0.15633771034832952,2.130055453338079,0.010699043630842356,0.18611411309377057,0.5070781005046107,0.06649144236051245,0.22961730041026415
344,0.4039428019240148,0.19447183005776428,2.077127580915092,0.24785560315552937,0.19590528618493439,0.007118830857093243,0.1337959155043264,0.41532436429811664
345,0.32614671775638626,0.17538707138025486,1.8595824378027899,0.3206343125545887,0.23524972532735894,0.13737764461492105,0.08193877248885219,0.22479954501427923
346,0.204513601766234,0.14296547258100564,1.4305104447533974,0.08452003244408267,0.1321206810683761,0.32880980488036887,0.41131815889101625,0.0432313227161562
347,0.3349554013267316,0.16696577498211543,2.0061321031966606,0.2145927745225951,0.0074736620053168145,0.15124729306322607,0.33751182780949995,0.289174442599362
348,0.2971163803359841,0.15236014431431813,1.9500925368187803,0.16852228487381246,0.11174753801969742,0.21706656803989013,0.2934784417119447,0.2091851673546553
349,0.2642577885991405,0.16436990089965195,1.607701818597982,0.1456116414304772,0.27433397520036706,0.0350070784778549,0.3549229995236189,0.19012430536768196
350,0.3121529273608969,0.16090309215824178,1.9400057710134428,0.18109450444587605,0.24493441743930155,0.1935154827073197,0.15699847568927686,0.22345711971822596
351,0.32728830948834825,0.15725819828037374,2.0812161977388923,0.051106739020091156,0.16376468487985296,0.20819611434816615,0.2874465409706017,0.2894859207812881
352,0.3728477891991139,0.1769041244959634,2.107626321666805,0.13114281788262677,0.2515484131222171,0.11031942586442813,0.14551745179990275,0.36147189133082513
353,0.17491829675340897,0.17044344430209898,1.0262541775638998,0.3205492618502678,0.23615393571552942,0.0027206736789184747,0.4378180908751484,0.002758037880135931
354,0.28438033184092304,0.17676521659747713,1.6088025535504695,0.362238362876068,0.2905246963411781,0.17495233557867576,0.045586787368797115,0.12669781783528114
355,0.331858202268089,0.15853426141134652,2.093290114791158,0.19103416247591898,0.16821981815693865,0.2614487880833399,0.13475390349282673,0.24454332779097565
356,0.26916704557631027,0.15143429738335643,1.7774510149105325,0.25662832222067045,0.11193338755605885,0.3543597082278202,0.17553753891871401,0.10154104307673661
357,0.19654594661740252,0.17248745226538062,1.13947967829571,0.09869492019460457,0.45848050440578153,0.15466007116003058,0.25113347135474523,0.03703103288483818
358,0.2995085774968113,0.15659907206579546,1.9125820705436372,0.06887679758790655,0.2807172829389569,0.25644101694597976,0.18156074935022146,0.21240415317693528
359,0.2891953245250852,0.16046939434006968,1.802183685645483,0.09596134224939964,0.3220808064892844,0.3984779685332603,0.03760163287623513,0.1458782498518206
360,0.333427270843712,0.1588733870981607,2.0986980697887576,0.20411215942330752,0.13699480900723807,0.2490393714656604,0.15967894656925782,0.2501747135345362
361,0.3585454042228087,0.17393069230918942,2.0614268790780024,0.20468021166532865,0.11233151789296279,0.07882853272389838,0.2642220660823388,0.3399376716354714
362,0.26481656710588175,0.1731125121382226,1.5297367234462957,0.29500534381660215,0.005046158466730577,0.020699209755654133,0.496934883660102,0.18231440430091103
363,0.3129646037448871,0.15561967843407282,2.011086302799889,0.20377627280089178,0.15137323358739646,0.2473100114778163,0.1831440074118721,0.21439647472202328
364,0.3766307977465442,0.18801682714442544,2.0031760107154377,0.2932947872381738,0.26484990189681923,0.10135208423622276,0.01602658706229184,0.32447663956649236
365,0.34500555902399577,0.16025480971031897,2.1528561897620255,0.20372736903072902,0.05542343898029262,0.26430906096888473,0.20196928998472236,0.27457084103537116
366,0.24059764067878117,0.1580087240870561,1.5226858014891764,0.026999314927197364,0.3579061501810893,0.31708091539881844,0.19837957842135806,0.09963404107153688
367,0.2557986390951072,0.16688874576602333,1.532749484819874,0.26113647399214474,0.29092931611404077,0.07983450049412859,0.23747459578698166,0.13062511361270418
368,0.31857419221286104,0.16972096872990078,1.8770467467685146,0.2474620354809106,0.1781712505300162,0.06371960107758001,0.2533909618387544,0.2572561510727388
369,0.21648287107051825,0.14251944125439964,1.5189708096321584,0.07459645156020729,0.10658419514223455,0.3512190107968826,0.4044725794885867,0.06312776301208892
370,0.2985634895561955,0.17548268876132442,1.7013842884654815,0.2690854926432712,0.259025001163952,0.006499634608683554,0.24162058808388406,0.2237692835002092
371,0.18913516773245861,0.14734198092094528,1.2836475154622566,0.05118465915814341,0.2450527536777223,0.33755092620418237,0.35420731469458405,0.012004346265367907
372,0.31471007174937443,0.15612063745900726,2.015813391948314,0.20464787718333147,0.022123603256489453,0.2604844832656965,0.28544819229183355,0.22729584400264904
373,0.2811677435957162,0.15323465492165037,1.8348835238313335,0.18198175149375603,0.20850511577482264,0.2177386729175805,0.22377467559870598,0.16799978421513492
374,0.3487941143254259,0.17955033801093767,1.9425979265167321,0.3525544061027895,0.19693385817568837,0.174096371456114,0.027409317599911304,0.2490060466654969
375,0.31613625619990554,0.17362716234721437,1.8207764956021442,0.29109217062253895,0.27450805770060055,0.1417935596292325,0.08204375894532795,0.2105624531022999
376,0.48443936761808054,0.2111046672421893,2.294782838990048,0.27301147224098893,0.07108425009549763,0.11006118273290538,0.014290154117914176,0.5315529408126938
377,0.3169659954306485,0.17130192399158192,1.850335291308373,0.27817461541056754,0.2729280678307042,0.1780032269361692,0.06470470560613069,0.2061893842164283
378,0.3119787280838224,0.17770744012561684,1.755574937455025,0.2909874304001945,0.26667812391143414,0.03578655755985205,0.17443188091333883,0.23211600721518053
379,0.3021326914491963,0.16574643712679402,1.822860851108784,0.22059602204239043,0.2178309750573838,0.07946471635051526,0.25377150369363055,0.22833678285608
380,0.26613332413406937,0.15333735378236918,1.7356066057575956,0.18965450584005555,0.23644515255230622,0.22804634126629644,0.2111731453381431,0.13468085500319854
381,0.20404704926933476,0.1477752543453098,1.3807930845615963,0.1919569229406312,0.1660522541545538,0.22793885732457567,0.37816701797453905,0.035884947605700254
382,0.3316119882043869,0.1649915275207451,2.009872829152951,0.07979789604112889,0.2432627630829879,0.13585706892357255,0.24151970784505564,0.29956256410725507
383,0.30407564163419076,0.15921659474284344,1.9098237977348684,0.03489157990172789,0.25228080557030663,0.1672683290508196,0.2897269423546525,0.2558323431224935
384,0.3636585401824969,0.17816808454582045,2.0410981074950763,0.26383984701134316,0.056486709852415114,0.08362595794485413,0.258974924196508,0.3370725609948796
385,0.3120992722201561,0.18565199039114982,1.6810984442590393,0.376250677770596,0.30276376733271043,0.10835299677266713,0.026460230702624144,0.18617232742140233
386,0.22606815857583532,0.15510144950700228,1.457550263356044,0.30951841910961225,0.05171074922219721,0.4134247996578523,0.22072116934128902,0.004624862669049332
387,0.3401408165413804,0.15638942619353002,2.174960448543754,0.04518302342656979,0.10632604929331296,0.5675126891433898,0.05609001245394346,0.22488822568278385
388,0.35730415680348626,0.16031837845985863,2.2287161349561053,0.16756791092266557,0.1390148590174855,0.4168161943698158,0.01997646123214383,0.2566245744578891
389,0.2893202253664787,0.16502071071142685,1.7532358460897404,0.22280372640987284,0.23936092728535732,0.0790870277121483,0.2549802649286919,0.20376805366392958
390,0.2722215934497135,0.16227235188907305,1.6775599187457397,0.033855760735912885,0.28839940443427864,0.08980037470816388,0.36952492427108224,0.21841953585056234
391,0.24654183343260033,0.15021556041755607,1.6412536274356992,0.12122190822125609,0.24078367863004294,0.20589085599009896,0.30667296742562467,0.12543058973297735
392,0.35608828969296197,0.17570186464224113,2.0266619845954295,0.2742901144685816,0.14927822480907818,0.10067151715500659,0.1686689556258851,0.3070911879414487
393,0.294873015770178,0.1757301668730253,1.677987456662691,0.3449655231093924,0.08449929908036179,0.024027182494242218,0.33598379976656034,0.2105241955494434
394,0.2699234949287685,0.15906076935073366,1.6969834612932073,0.053233086616616965,0.2949750194734884,0.13490514216612426,0.32018918307026567,0.19669756867350455
395,0.29366371691039295,0.1558771443387704,1.8839433975783435,0.00287011014554062,0.27155438904945933,0.2508347527675806,0.2517798980640095,0.22296084997340995
396,0.3354109192563734,0.17031450821585728,1.969361992527802,0.32117913827743005,0.12376803233912706,0.18126905567726767,0.1331253441614207,0.24065842954475455
397,0.31543861555163627,0.16988544836786063,1.856772422724534,0.0926990839411148,0.2927798884246428,0.06534349204460331,0.26740230078625604,0.281775234803383
398,0.35716027071290024,0.1709474265750118,2.0892989024094972,0.26507214476274304,0.1968478568955859,0.24666037589631779,0.02324149232124038,0.2681781301241128
399,0.3139293994422785,0.1607475819280526,1.952933883526702,0.2867512860815201,0.05365210854968284,0.24724669665422547,0.2087065684116147,0.203643340302957
400,0.2674077327113057,0.15020117344444542,1.780330516593542,0.23661867829050628,0.09168320784734107,0.28037376862740476,0.2657827746907632,0.1255415705439846
401,0.3725092003804827,0.17923300383247484,2.078351600515823,0.1175217209334259,0.26158933602742035,0.08020292609329548,0.16923036851151238,0.37145564843434586
402,0.27230471439588877,0.1650502330943212,1.649829323417404,0.17618459567098357,0.29764211550335806,0.07057912746048293,0.271924305751895,0.18366985561328045
403,0.3283560370656697,0.1776123954228173,1.8487225302265522,0.11197211870840246,0.30667539396691357,0.011697879887042384,0.2585909563507192,0.3110636510869224
404,0.2994776252237105,0.15566856480793162,1.9238156759087146,0.2581382092578669,0.12659715702357574,0.3860676154326583,0.08636153381441589,0.14283548447148323
405,0.251178287818378,0.1442824810920657,1.7408786286264564,0.06895284454200395,0.18763352533320798,0.37642614147398057,0.2584412658970024,0.10854622275380495
406,0.32862820200186815,0.1568422702885908,2.0952782779616115,0.1629104595781057,0.17596070505978362,0.2638290650137079,0.15199323307043133,0.2453065372779714
407,0.353672645382843,0.16662333048684463,2.1225877813717475,0.049108779377707544,0.23203904112612406,0.17950962589003341,0.2041081026222261,0.33523445098390886
408,0.41453422407253065,0.17752734238814802,2.335044385254119,0.15136813359919035,0.004564055050956608,0.244991391741634,0.1814836409997162,0.41759277860850286
409,0.31911682573414135,0.17483804108496562,1.825213916570141,0.3026308499480419,0.18722304380559668,0.04997111311088957,0.2144464687572868,0.245728524378185
410,0.40186096794628706,0.16997380286174632,2.364252379957361,0.11567410124834127,0.08911554627762265,0.2865633469410769,0.12264439953084187,0.3860026060021174
411,0.29911282644183923,0.1506618958726408,1.9853249868479592,0.051942029259579005,0.21252373252052478,0.30539118103632606,0.2194152398591758,0.21072781732439427
412,0.31869947848518,0.16339588107460512,1.9504743717478692,0.11790568902174703,0.3085450839096818,0.3629261260014317,0.009822204813717528,0.20080089625342185
413,0.17278622315781875,0.17350604153145352,0.9958513353928123,0.1892090035428712,0.3972527479202733,0.01342296236923135,0.38481899004720915,0.015296296120414932
414,0.3130607094489258,0.1617964965166692,1.9349041307372963,0.26494359672036066,0.0891515577753137,0.17494839926595795,0.24762249123320773,0.22333395500515987
415,0.2394551969093113,0.14970621972015988,1.5995006577342996,0.18550750083310172,0.23017691952974578,0.31298105838683143,0.2024903934745233,0.06884412777579778
416,0.33866295241431726,0.16243593014353008,2.0849017339641,0.2183749190882915,0.1750047858228313,0.2387429587839745,0.11400790470070465,0.253869431604198
417,0.2468135454016144,0.1826251259395072,1.351476387117559,0.018806687527641683,0.5106214758571259,0.35327829027860397,0.030419894565767068,0.08687365177086127
418,0.3812789229888722,0.16199576109759586,2.353635184066126,0.11002177521771966,0.043289119298017834,0.414471640913909,0.1083595505650302,0.3238579140053234
419,0.34420387575354666,0.15844175564331955,2.1724315939064103,0.0021052361881317184,0.21694771106292113,0.3715167042413995,0.12615088434634927,0.2832794641611983
420,0.3331393678086933,0.1591592234716127,2.093120087810125,0.13353931132355795,0.04116832675651254,0.6182662756843843,0.024659368343314902,0.18236671789223036
421,0.38459196341493285,0.17548954222250077,2.1915377893419654,0.02645132961179888,0.2735303197394456,0.21058186645902716,0.10791849025555886,0.38151799393416946
422,0.31883025715666513,0.15180152400333363,2.1003099886511247,0.0029826663911715007,0.14883677949068988,0.49248343423270774,0.14033323316931043,0.21536388671612042
423,0.21888887638257692,0.1536590873587242,1.424509803781216,0.3063929917840439,0.08025192464835626,0.30084138527928295,0.29275859939792614,0.019755098890390684
424,0.2503213982380806,0.16077541250766417,1.5569631844430676,0.1813127584619131,0.25779003171620607,0.06536088638765103,0.3450980079111798,0.15043831552305004
425,0.27475224805362264,0.16798545120882624,1.6355716883605138,0.02031280229257593,0.40316513878705457,0.38425215296582915,0.05507420495586173,0.13719570099867864
426,0.301988981167887,0.16447000572215667,1.8361340710235314,0.15377103756204605,0.26598467320181657,0.09777420328307762,0.24596019949132877,0.23650988646173102
427,0.34739539031516653,0.17129742067670203,2.028024642419005,0.013777053113979018,0.33776297140789285,0.24738641735641662,0.095771051203904,0.3053025069178075
428,0.31411781344652245,0.15954882194496262,1.9687880463002065,0.15630380397827282,0.21192273644435544,0.16553990048480977,0.22184146735616805,0.24439209173639395
429,0.27166433086089514,0.1559108468577635,1.7424338096805596,0.29414748866784735,0.07355048966037964,0.24843629720375468,0.25655014632126966,0.12731557814674888
430,0.32720363231518224,0.17159914370528362,1.9067905891019168,0.20738027865538441,0.07849355478269832,0.042851778477833675,0.3723985248252682,0.29887586325881527
431,0.4124804251094389,0.17450257520856574,2.36374978774062,0.08278945480584379,0.15448465361448832,0.26578155130753495,0.08532169683803593,0.411622643434097
432,0.2597901641248281,0.14296956836532168,1.8171011292487198,0.06235792993994566,0.1092625249109558,0.40172175481790573,0.3000257301198653,0.1266320602113277
433,0.24616795281783055,0.16177206618151693,1.5216962892815926,0.20885480170291598,0.3124929630034608,0.39622828455501125,0.039034505279987135,0.04338944545862493
434,0.24796004887125608,0.16731278593562246,1.4820149427591538,0.3054776596027229,0.20674465546586362,0.03869865746946792,0.3242749048994674,0.12480412256247818
435,0.2777660742179436,0.17033951659142824,1.6306613977553182,0.1530507509121014,0.3267526184680043,0.027258523569705036,0.28536533138238174,0.20757277566780746
436,0.19454628520526374,0.14860132159061087,1.3091827389074568,0.20464173064399505,0.19501417682129885,0.27606880050070576,0.3236843950849995,0.0005908969490007268
437,0.2997625028041454,0.161601626734568,1.8549473100076388,0.19485467976707688,0.1306385664465359,0.09207371418826793,0.3451981928321818,0.23723484676593742
438,0.2601909358029772,0.162153166309218,1.6045997850378455,0.3053447382971258,0.2293824852041654,0.35554250806220405,0.049477399441789686,0.06025286899471518
439,0.25128338248736587,0.15373098306263283,1.6345656385023466,0.0987180624145474,0.13506890311502545,0.1160779775956292,0.4758104388446609,0.174324618030137
440,0.2844223131590497,0.16204493520235835,1.7552064358189845,0.2529633769092678,0.24777608410911703,0.1753664612318691,0.1628220224141702,0.16107205533557584
441,0.29543299229812353,0.17360838106640317,1.7017207952945768,0.2425854269871279,0.32327585869707887,0.07723073939047777,0.15651226756793213,0.20039570735738332
442,0.31656637099813667,0.18261531055119748,1.7335149503216767,0.33393407616795995,0.3177205540397253,0.12698457013133121,0.022465736277544043,0.19889506338343946
443,0.22555244658845844,0.16617381305055456,1.3573284649840665,0.27864914326118506,0.2857490739789668,0.06926189047792866,0.28864224676785943,0.07769764551406012
444,0.26326172950241733,0.15031887902604033,1.7513550607093835,0.1450098794899383,0.24328082897732914,0.2987153513065487,0.19021378345074202,0.12278015677544202
445,0.33460859668194576,0.16032679716585596,2.0870409850188523,0.06526781921687094,0.032239079191859976,0.21321166799625263,0.3786728389375652,0.3106085946574513
446,0.22815934220775788,0.1593141412168865,1.432134903185695,0.34686199518073324,0.06558264779874626,0.22491245493784212,0.3167560056287262,0.045886896453952254
447,0.3224288269764046,0.15606368546772545,2.0660080274926234,0.07027910751943045,0.23079336872472722,0.27983661777553126,0.16895030468130656,0.25014060129900445
448,0.3560562765020459,0.1732692874989625,2.054930112782843,0.14239170513229174,0.206573233017102,0.07710701090660758,0.23065746217118144,0.3432705887728172
449,0.32503764599243445,0.15622700097737063,2.080547177881984,0.10574734307768652,0.21315022949168158,0.4404749830804073,0.03598125066048352,0.20464619368974118
450,0.34821016010660116,0.17511575103573837,1.988457109352413,0.3810446263822868,0.007649101944133295,0.3324385001233696,0.06018837577281543,0.21867939577739487
451,0.2555315326680452,0.15497657022853356,1.64883977165858,0.30336244553255715,0.05433695280605804,0.2816285572136298,0.269992200700585,0.09067984374717002
452,0.22711604826839515,0.1722506471313552,1.3185207257607607,0.1633009571165584,0.43804531059706925,0.2687330069619549,0.08630146726423467,0.043619258060182596
453,0.3294137419530326,0.16020145788581927,2.056246842571285,0.21570600390617925,0.16771042981286272,0.23588607421685262,0.14031387729549152,0.24038361476861386
454,0.30817807249049617,0.15319937463517166,2.0116144287428726,0.16706167302467112,0.11943254738362538,0.23255864614083524,0.2574142144542677,0.2235329189966005
455,0.33850957018384575,0.17170491637829804,1.9714611399830035,0.25933109041846353,0.1795087508369163,0.10148387825958227,0.18179188613024364,0.27788439435479434
456,0.3676746999622163,0.19170534890077245,1.9179157079885463,0.3562601198061525,0.24734793041411776,0.07466035457941954,0.020885045872269328,0.3008465493280408
457,0.32405304767491455,0.16091476656830775,2.0138179645393524,0.17510034351025727,0.25009808419592483,0.2930870428150677,0.0630043272940924,0.2187102021846577
458,0.39240910002175494,0.1778514821542913,2.2063864482238538,0.05371746826879634,0.2632189663108622,0.1846587734576764,0.10317368508288584,0.39523110687977925
459,0.322211206263652,0.16510552524313327,1.9515470835344002,0.30203737201970987,0.15811615959498582,0.24541775338465135,0.0914103287827671,0.20301838621788584
460,0.3384290011020587,0.1619133496190095,2.0901859043642768,0.2233762261202389,0.08311746069536328,0.212027405473852,0.2126941668358839,0.26878474087466203
461,0.4290398198607589,0.17472864834682136,2.45546350824595,0.030943098322329287,0.03831593491272768,0.4008263293156978,0.09907177933157486,0.43084285811767037
462,0.3346204377108,0.16466282061481816,2.0321553855411563,0.14105476647413906,0.2857288593394296,0.28668461714436305,0.042605689930611604,0.24392606711145676
463,0.29175380175652144,0.1777358048497105,1.6415026899235192,0.18417266777326466,0.3552148721696193,0.0016794661228088142,0.2323819437009368,0.2265510502333705
464,0.3262932229984407,0.16309200888457845,2.000669592765646,0.24682719015227064,0.16716664664447436,0.19562798839324388,0.15321579713144506,0.2371623776785662
465,0.233837253621533,0.16814015224794918,1.3907282139051658,0.03292459344402902,0.39946287220284205,0.09707378347439728,0.33076739483632106,0.13977135604241064
466,0.2436436536806045,0.15142034969214335,1.6090548871136723,0.23462086609525276,0.15734543379443391,0.20400536843437087,0.305276196311586,0.09875213536435651
467,0.29096043919752135,0.16946010903273487,1.716984845922152,0.23560318158292795,0.32960603052765536,0.16815629428904946,0.09642385900955058,0.17021063459081673
468,0.28768427328540963,0.17783646258454489,1.617690034453099,0.39057448764558245,0.009186628652219656,0.06895284765411161,0.34930587793496565,0.18198015811312065
469,0.30663229387004715,0.15400884414687513,1.991004448923843,0.20333171126579705,0.0883958967596136,0.2433065889725339,0.25353389717908076,0.21143190582297477
470,0.2702380495956253,0.1710310254202486,1.5800527941150464,0.3284773809611822,0.21381443760592436,0.04809822681996296,0.2564119391030564,0.1531980155098743
471,0.2697143848355764,0.16670576636447498,1.6179067510231762,0.2942707748858205,0.2815722427514306,0.17259848505391903,0.12964668742110064,0.12191180988772916
472,0.32766007708869427,0.15805191227842497,2.073116815641476,0.20456971337289842,0.10593441198269746,0.2304605390761423,0.2106556848190465,0.24837965074921525
473,0.2813555100597764,0.15537268490435213,1.8108428147005353,0.046920245517835524,0.2231343966964258,0.15396850558534603,0.3555288745571355,0.2204479776432571
474,0.3288101575641061,0.1694013083798348,1.9410130931624316,0.09446396505522521,0.33480173781897343,0.18563300315738163,0.11700534523846937,0.26809594872995046
475,0.3695157903278329,0.16986143930838699,2.1753953800954746,0.14312389291991126,0.02202485675684518,0.17511938592606868,0.29999622673657234,0.3597356376606025
476,0.3537809024194491,0.1673002288921729,2.1146468523211963,0.27190746842982394,0.08724902414425628,0.23400838978161217,0.13141210185692415,0.2754230157873834
477,0.2533801766344236,0.14811364410509328,1.710714621636336,0.0362862454599127,0.24996183935790625,0.3399698208723788,0.24956733782450685,0.12421475648529538
478,0.3331735871854189,0.1677825904717336,1.9857458765458076,0.228777707881728,0.002817178730269934,0.1465348346369296,0.3378836621974174,0.283986616553655
479,0.4341229113976653,0.1994182226614528,2.1769470492907996,0.20621862833350837,0.17014180505570456,0.022034067837810825,0.12474056930753893,0.4768649294654373
480,0.3149280156074333,0.16494739214385518,1.9092633809740736,0.2145429037794737,0.2150595676774017,0.11840784179300601,0.21014113807169219,0.24184854867842648
481,0.29051386317054745,0.150103451199198,1.9354242747224701,0.20643455118290727,0.05651216760427021,0.32356106029610043,0.2479931195632438,0.16549910135347817
482,0.34468795348633957,0.16757247742610668,2.056948484504768,0.08251440141755745,0.16692806067714147,0.1032001344694882,0.30969577091024103,0.3376616325255719
483,0.23392198213489324,0.1506954887969337,1.5522825799391349,0.11876412805783285,0.23661189107522324,0.47092435199770033,0.1380578193100651,0.035641809559178485
484,0.3064804224878533,0.1589222278379828,1.9284931167734596,0.22641785322543884,0.21723685526660813,0.26516063235491594,0.10563189456644242,0.18555276458659473
485,0.3094409553759646,0.16368626401656272,1.8904515735337057,0.1900305589732364,0.11535129829388033,0.08402588909061165,0.35185424679600785,0.25873800684626386
486,0.2620673540600384,0.15712182407885567,1.6679245903389786,0.266700240899513,0.2223683353965251,0.24896563036272565,0.15928438975516981,0.1026814035860664
487,0.3104459320021192,0.1553902400878457,1.997847045133703,0.1842126401089821,0.11285574537384906,0.20612779197999,0.266489582523713,0.2303142400134658
488,0.33278918520930406,0.15763259944698793,2.111169811173618,0.1664793958517597,0.017306135834843233,0.2672957110887984,0.2817001915578979,0.2672185656667007
489,0.26831157332778766,0.1637028780563582,1.6390156148349189,0.1310154269633726,0.15471359917934538,0.01644052253796003,0.47934610739508365,0.21848434392423838
490,0.1936985284238934,0.14689302451922476,1.3186366681322088,0.0037773100468716254,0.20568384885841812,0.4288268101839696,0.34873466024223065,0.012977370668509958
491,0.32326044639883106,0.17273715774739518,1.8714007490591915,0.3005943257687971,0.26060076701136375,0.2103697695741231,0.024854834211733907,0.20358030343398215
492,0.3417176654627242,0.17066932458059414,2.0022207640562666,0.12516778672118706,0.27284498602008544,0.11430901215559627,0.18081441330891143,0.30686380179421974
493,0.2922828421254078,0.17223096589296658,1.6970400218683543,0.009571346227585835,0.3371674483503579,0.04563490994618189,0.34200396128411503,0.2656223341917594
494,0.3879407472795189,0.17827969176497252,2.176023210714006,0.07784069999554309,0.08923075249207864,0.10026339251038718,0.31119214646847926,0.42147300853351183
495,0.3089919173288314,0.159939780738833,1.9319266032594287,0.14940841959234363,0.21635406444471572,0.14311728251861391,0.24815306079928998,0.2429671726450369
496,0.34969885158907293,0.16168330582142237,2.162863072426982,0.2145070566867234,0.1420124296345018,0.4038052058144974,0.005741333975663443,0.23393397388861387
497,0.2522360471182226,0.17727684476971514,1.422836961284371,0.38495554708488233,0.0414856168869897,0.01238726102927087,0.42653732824710205,0.1346342467517549
498,0.3051819632162123,0.15646693476374046,1.9504565848179125,0.11330756554179103,0.2613933724743124,0.26124120307305365,0.15338406736403537,0.21067379154680763
499,0.2098268715228951,0.17276728655619292,1.214505799711385,0.3627212871516083,0.2395013451654949,0.02588169431220903,0.3277185840027633,0.044177089367924395
