Date,BAJAJ-AUTO.NS,BAJAJFINSV.NS,INFRATEL.NS,HEROMOTOCO.NS,HINDUNILVR.NS,ITC.NS,IOC.NS,INFY.NS,MARUTI.NS
2017-01-02,2598.50,2949.65,344.20,3030.55,825.35,240.95,163.73,1001.10,5466.00
2017-01-03,2619.20,3016.65,341.50,2986.55,829.85,243.35,172.63,993.85,5508.40
2017-01-04,2684.10,2960.85,352.35,3004.90,821.60,245.45,171.48,997.75,5502.15
2017-01-05,2723.35,3018.45,350.10,3071.75,833.15,246.75,176.27,996.15,5634.95
2017-01-06,2707.35,2978.55,354.25,3067.55,833.75,242.70,173.18,972.25,5615.55
2017-01-09,2723.15,2992.65,349.20,3031.45,831.05,245.85,171.40,970.35,5658.50
2017-01-10,2740.75,3010.15,353.55,3059.00,830.55,248.95,173.35,970.55,5674.85
2017-01-11,2718.55,3018.50,353.25,3084.25,841.50,247.55,174.55,969.10,5762.35
2017-01-12,2737.15,3018.60,358.85,3083.20,825.90,244.65,177.38,1000.05,5777.35
2017-01-13,2708.55,3019.60,353.80,3046.55,827.95,249.65,175.73,975.80,5699.50
2017-01-16,2721.65,3012.60,355.55,3091.75,827.50,248.80,176.43,955.65,5676.90
2017-01-17,2728.90,3019.70,353.30,3132.65,840.65,251.95,175.55,955.40,5669.40
2017-01-18,2699.70,3046.65,350.55,3086.05,864.95,250.85,174.30,950.80,5684.45
2017-01-19,2695.30,3154.75,358.25,3102.35,860.30,254.15,179.88,958.10,5718.35
2017-01-20,2701.05,3064.00,353.20,3050.60,860.45,255.40,176.18,948.70,5668.95
2017-01-23,2706.50,3063.45,346.80,3096.80,862.40,259.65,178.88,952.70,5700.00
2017-01-24,2798.95,3128.80,350.65,3134.30,860.35,259.85,183.40,945.55,5737.20
2017-01-25,2849.65,3169.70,351.75,3247.45,869.20,265.50,190.15,936.60,5802.55
2017-01-27,2854.10,3169.40,353.90,3215.85,855.95,257.40,192.02,942.15,5915.90
2017-01-30,2825.05,3205.45,328.70,3194.70,853.55,256.10,188.90,949.35,5894.95
2017-01-31,2833.45,3245.85,293.80,3172.35,855.40,258.10,183.20,928.60,5894.25
2017-02-01,2854.15,3328.40,294.35,3286.95,854.05,269.70,187.73,916.75,6179.20
2017-02-02,2807.45,3462.10,292.50,3228.75,845.30,274.30,191.30,935.90,6144.35
2017-02-03,2808.10,3419.95,299.85,3214.00,849.75,273.05,193.68,936.10,6115.45
2017-02-06,2799.40,3721.95,304.55,3270.45,860.55,276.80,198.25,935.25,6149.70
2017-02-07,2769.80,3691.25,301.30,3259.80,855.25,277.10,195.88,942.25,6213.20
2017-02-08,2781.90,3663.00,310.05,3222.55,852.95,274.80,197.88,936.50,6194.65
2017-02-09,2784.30,3577.00,319.00,3265.10,850.75,277.65,193.73,946.00,6157.10
2017-02-10,2800.80,3630.95,317.05,3268.60,850.90,273.35,190.02,968.30,6112.25
2017-02-13,2806.50,3637.25,320.50,3226.55,862.30,270.60,189.95,984.35,6022.00
2017-02-14,2778.10,3592.90,318.75,3162.95,848.15,270.80,187.20,987.70,5939.85
2017-02-15,2789.60,3628.35,323.75,3097.85,850.05,273.40,184.60,981.80,5862.70
2017-02-16,2783.65,3671.20,319.25,3124.45,846.10,266.65,187.98,1012.10,6024.55
2017-02-17,2778.90,3685.50,307.75,3087.20,841.25,268.15,192.63,1000.10,5989.75
2017-02-20,2791.50,3641.75,308.75,3102.10,854.45,266.05,192.75,1010.25,6093.15
2017-02-21,2799.25,3624.10,295.60,3125.80,862.75,263.15,195.65,1013.60,6063.15
2017-02-22,2799.75,3750.20,300.75,3166.20,864.15,263.45,195.02,990.15,6079.65
2017-02-23,2814.10,3847.20,297.90,3176.75,858.25,265.65,192.55,1008.85,6031.00
2017-02-27,2795.05,3836.60,288.15,3175.90,866.45,264.60,192.95,1012.40,5951.50
2017-02-28,2755.90,3914.15,284.25,3138.10,865.90,262.20,192.52,1012.40,5922.50
2017-03-01,2769.00,3923.85,288.95,3178.15,875.50,268.50,190.85,1025.15,5919.60
2017-03-02,2832.05,3875.50,289.80,3229.30,877.50,264.75,188.35,1023.30,5918.75
2017-03-03,2832.80,3761.75,307.90,3272.85,877.15,261.55,187.52,1031.20,5887.75
2017-03-06,2883.10,3817.70,310.10,3319.80,873.10,264.10,189.57,1033.90,5934.85
2017-03-07,2879.45,3805.10,310.10,3305.45,872.05,264.25,189.35,1019.80,5888.50
2017-03-08,2869.95,3832.05,309.95,3272.70,871.30,264.15,187.38,1007.80,5864.15
2017-03-09,2870.70,3804.85,305.15,3289.00,870.30,264.95,187.38,1011.55,5964.40
2017-03-10,2864.55,3826.05,308.45,3311.05,875.20,263.45,186.23,1021.85,5955.60
2017-03-14,2866.70,3931.25,310.05,3357.45,913.75,267.10,187.00,1034.80,6132.40
2017-03-15,2873.10,3938.65,308.90,3401.10,900.50,268.20,184.88,1011.95,6137.35
2017-03-16,2936.40,4040.05,310.50,3348.00,906.20,268.45,188.07,1028.85,6155.45
2017-03-17,2912.50,3969.10,309.70,3346.10,902.55,281.25,187.93,1040.30,6192.60
2017-03-20,2923.55,3965.80,308.80,3340.25,898.45,281.90,185.48,1021.50,6158.90
2017-03-21,2906.85,4057.45,313.45,3334.70,903.45,287.90,186.05,1032.85,6076.30
2017-03-22,2853.80,4107.85,312.95,3314.60,904.95,279.85,186.38,1027.70,6005.80
2017-03-23,2865.95,4148.50,313.55,3367.40,902.00,277.60,188.40,1040.45,6034.80
2017-03-24,2843.00,4129.35,310.40,3375.25,900.20,281.00,186.35,1031.40,6004.65
2017-03-27,2808.40,4044.80,312.55,3343.20,898.80,281.60,185.45,1028.85,5985.80
2017-03-28,2824.85,4090.75,318.65,3326.90,903.10,280.50,184.52,1035.15,5974.25
2017-03-29,2831.10,4062.65,336.85,3224.40,912.55,283.20,185.07,1031.85,5944.15
2017-03-30,2822.85,4060.60,336.70,3231.65,919.20,282.75,188.40,1025.50,5956.60
2017-03-31,2805.45,4098.40,325.90,3221.95,911.75,280.30,193.52,1022.25,6015.70
2017-04-03,2783.60,4098.25,329.55,3202.15,920.65,281.55,190.57,1008.80,6072.00
2017-04-05,2760.85,4128.80,337.70,3198.05,935.35,278.95,190.68,995.95,6342.40
2017-04-06,2806.30,4178.35,339.15,3206.30,934.65,274.10,192.88,999.60,6291.65
2017-04-07,2830.45,4226.20,347.60,3215.30,924.50,272.65,198.68,981.55,6259.35
2017-04-10,2837.00,4373.00,357.00,3199.40,925.95,273.55,205.63,953.40,6268.85
2017-04-11,2822.45,4374.85,355.55,3202.20,923.70,282.05,204.75,967.15,6247.80
2017-04-12,2839.50,4502.95,367.05,3227.05,923.75,281.90,204.63,968.85,6154.50
2017-04-13,2848.15,4611.90,355.05,3224.50,923.85,279.15,211.20,931.40,6077.95
2017-04-17,2852.15,4493.45,344.35,3240.15,914.05,279.10,212.23,924.90,6115.55
2017-04-18,2824.40,4369.40,336.90,3226.25,912.75,279.05,215.43,922.65,6137.15
2017-04-19,2808.70,4340.05,346.70,3199.75,908.55,278.70,217.63,919.20,6196.95
2017-04-20,2831.50,4355.40,342.70,3198.40,915.70,279.50,213.65,927.30,6273.50
2017-04-21,2824.30,4304.05,352.85,3203.20,906.40,274.35,212.38,923.70,6185.80
2017-04-24,2867.75,4371.75,358.25,3204.40,904.55,276.75,210.95,926.55,6318.35
2017-04-25,2896.80,4524.35,375.25,3305.20,924.00,281.30,218.25,929.35,6337.20
2017-04-26,2885.45,4534.20,367.30,3313.05,941.35,290.90,216.88,914.25,6406.30
2017-04-27,2866.05,4524.75,366.80,3300.80,947.30,285.80,221.65,925.25,6374.05
2017-04-28,2864.00,4575.65,354.70,3318.60,934.95,278.00,220.02,918.95,6524.85
2017-05-02,2898.00,4566.15,354.20,3352.95,928.10,279.20,221.52,922.60,6705.50
2017-05-03,2933.25,4562.90,363.00,3376.50,934.00,277.25,220.95,934.30,6644.00
2017-05-04,2942.55,4569.60,363.35,3395.65,956.70,281.20,217.82,937.65,6639.80
2017-05-05,2887.65,4428.40,366.60,3376.55,953.90,277.15,216.55,931.50,6654.15
2017-05-08,2856.95,4420.95,364.45,3401.25,954.85,272.95,214.25,945.50,6630.55
2017-05-09,2873.15,4378.45,365.90,3282.35,952.05,271.50,220.38,946.65,6629.30
2017-05-10,2904.80,4391.45,366.65,3323.85,996.35,273.95,220.73,943.65,6737.75
2017-05-11,2998.45,4495.80,378.30,3461.80,978.75,276.65,216.02,944.10,6762.50
2017-05-12,3004.80,4395.55,374.70,3541.50,980.20,274.95,217.45,964.25,6730.20
2017-05-15,2999.70,4550.95,371.05,3515.45,983.25,277.95,221.05,951.55,6823.90
2017-05-16,3024.00,4567.50,376.55,3619.40,1000.40,283.45,223.30,955.00,6953.95
2017-05-17,3039.70,4486.75,389.90,3645.95,1009.40,281.65,222.13,952.80,6958.20
2017-05-18,2973.10,4319.00,378.90,3592.05,990.25,277.90,219.95,961.75,6831.05
2017-05-19,2972.65,4169.90,378.95,3571.65,1008.00,286.20,217.70,957.95,6790.55
2017-05-22,2914.15,3964.20,387.95,3562.45,1018.60,303.60,212.68,961.45,6701.70
2017-05-23,2824.95,3983.05,379.85,3585.00,1024.80,300.15,212.13,957.30,6878.85
2017-05-24,2764.30,3953.95,369.00,3567.60,1038.05,299.90,215.27,954.80,6869.65
2017-05-25,2822.80,3997.10,373.50,3625.85,1043.45,300.05,219.48,983.30,6985.70
2017-05-26,2814.10,4007.35,369.95,3618.40,1040.95,309.10,213.02,995.70,7064.80
2017-05-29,2837.95,3998.05,379.35,3665.80,1072.25,315.85,209.63,985.15,7134.45
2017-05-30,2851.40,4154.50,372.25,3740.35,1072.60,311.45,209.77,996.20,7147.50
2017-05-31,2845.95,4192.00,366.60,3745.45,1067.00,311.80,214.73,977.05,7211.00
2017-06-01,2839.35,4205.60,376.25,3733.35,1095.35,314.20,206.93,971.40,7146.60
2017-06-02,2852.85,4305.80,374.65,3849.75,1086.40,319.20,207.40,969.45,7114.70
2017-06-05,2898.40,4304.75,382.45,3834.95,1097.75,317.45,211.02,958.75,7125.70
2017-06-06,2873.55,4244.10,383.15,3799.95,1091.55,311.05,212.30,979.35,7112.10
2017-06-07,2876.00,4254.15,383.20,3843.25,1106.35,312.25,213.68,961.30,7205.70
2017-06-08,2868.15,4280.00,379.85,3784.45,1093.50,311.60,209.38,956.45,7249.50
2017-06-09,2865.80,4242.20,382.65,3780.10,1095.35,306.00,210.02,948.60,7464.85
2017-06-12,2824.60,4152.65,384.75,3773.25,1099.65,304.40,211.82,963.85,7373.65
2017-06-13,2834.90,4176.85,384.20,3752.50,1102.75,305.25,209.88,957.80,7348.95
2017-06-14,2825.15,4128.40,386.10,3789.05,1113.70,299.85,210.35,958.60,7351.05
2017-06-15,2814.40,4098.40,374.80,3777.70,1104.00,301.90,203.52,952.10,7312.30
2017-06-16,2809.80,4199.70,375.10,3783.55,1091.80,306.80,202.30,940.25,7263.90
2017-06-19,2827.75,4242.45,376.55,3825.45,1095.65,310.90,203.60,929.85,7249.25
2017-06-20,2815.30,4264.40,377.10,3797.00,1093.05,308.70,205.85,943.55,7207.25
2017-06-21,2817.50,4268.40,371.70,3769.25,1123.45,308.95,204.13,943.35,7268.20
2017-06-22,2845.70,4220.00,375.00,3730.70,1094.05,311.30,196.75,940.15,7316.10
2017-06-23,2824.30,4101.30,372.15,3660.10,1097.90,311.00,191.70,943.25,7219.15
2017-06-27,2779.30,4036.05,373.30,3695.20,1092.10,312.35,195.20,927.05,7183.35
2017-06-28,2777.05,4108.15,376.45,3688.45,1090.00,308.35,193.57,924.70,7225.05
2017-06-29,2801.30,4098.75,378.20,3716.35,1088.10,311.60,193.43,930.20,7224.35
2017-06-30,2791.20,4118.70,374.55,3701.35,1079.60,323.65,192.60,935.55,7217.60
2017-07-03,2789.35,4130.70,397.75,3776.10,1097.75,342.50,193.45,951.90,7354.00
2017-07-04,2769.65,4132.70,401.55,3703.35,1088.10,337.25,190.93,962.15,7376.15
2017-07-05,2771.25,4149.25,403.05,3709.75,1096.70,331.05,192.85,950.90,7377.65
2017-07-06,2728.60,4151.50,414.70,3725.35,1092.50,337.10,190.80,947.00,7474.05
2017-07-07,2708.25,4115.90,404.35,3681.65,1097.70,334.30,191.13,935.40,7432.80
2017-07-10,2730.65,4103.00,410.30,3731.00,1096.25,333.30,191.73,957.05,7430.45
2017-07-11,2792.75,4123.20,409.85,3748.30,1106.45,330.40,193.75,975.35,7457.00
2017-07-12,2785.85,4229.30,420.30,3718.75,1131.65,328.85,196.30,972.35,7476.65
2017-07-13,2789.75,4364.55,410.60,3750.95,1134.70,338.75,190.48,977.05,7567.55
2017-07-14,2809.80,4399.90,417.80,3758.05,1139.30,337.15,186.55,972.05,7557.25
2017-07-17,2821.25,4446.30,418.65,3764.35,1152.95,325.15,186.77,984.05,7522.30
2017-07-18,2831.75,4419.55,418.20,3783.95,1157.85,284.55,186.07,985.60,7549.35
2017-07-19,2823.70,4564.50,415.15,3770.65,1154.35,291.45,187.57,979.85,7561.50
2017-07-20,2818.60,4679.30,406.10,3729.90,1152.90,289.50,187.27,969.45,7490.95
2017-07-21,2815.80,4910.40,410.30,3682.00,1158.65,288.90,190.45,980.10,7543.00
2017-07-24,2826.75,4949.95,408.90,3692.30,1159.35,293.25,189.07,990.55,7554.55
2017-07-25,2847.70,4958.50,415.65,3709.05,1149.60,291.40,187.40,993.85,7504.85
2017-07-26,2841.35,4955.45,413.50,3717.45,1164.55,293.65,186.82,994.05,7565.25
2017-07-27,2840.30,4934.45,411.05,3703.55,1171.90,288.55,184.45,971.05,7599.60
2017-07-28,2828.15,4926.30,403.90,3630.30,1153.85,291.55,183.90,997.35,7630.45
2017-07-31,2808.55,4991.85,401.40,3655.75,1155.75,285.25,183.82,1011.20,7750.05
2017-08-01,2823.40,5067.25,403.70,3727.85,1173.95,287.85,185.18,1005.55,7856.10
2017-08-02,2802.90,5002.35,397.85,3802.60,1168.75,285.45,185.05,993.35,7795.50
2017-08-03,2834.25,5115.05,403.95,3838.35,1169.90,281.40,193.52,984.00,7737.40
2017-08-04,2874.65,5308.15,406.55,3956.55,1192.10,280.75,209.48,983.75,7770.30
2017-08-07,2889.25,5433.05,397.85,3952.70,1186.30,279.85,215.60,968.25,7838.65
2017-08-08,2911.60,5336.10,383.60,3913.40,1191.00,274.15,206.63,963.85,7755.90
2017-08-09,2831.15,5121.90,381.70,3883.75,1185.35,272.85,207.02,969.35,7661.60
2017-08-10,2796.20,5024.75,382.45,3889.55,1170.70,273.10,205.15,981.25,7578.75
2017-08-11,2788.20,4992.00,382.30,3840.90,1152.80,271.50,205.90,987.70,7457.40
2017-08-14,2831.60,5222.05,379.85,3957.05,1155.70,271.25,209.73,981.45,7608.45
2017-08-16,2849.20,5356.80,382.90,4022.10,1186.35,279.20,211.15,975.20,7701.15
2017-08-17,2825.85,5304.45,379.35,3997.85,1177.30,280.00,213.15,1020.85,7582.45
2017-08-18,2811.35,5309.50,395.30,3986.70,1202.20,281.85,213.68,923.25,7598.80
2017-08-21,2766.50,5216.85,386.60,3972.05,1191.45,281.60,206.60,873.40,7501.90
2017-08-22,2740.55,5234.60,387.85,3888.05,1199.60,282.90,211.60,875.40,7496.10
2017-08-23,2754.65,5351.30,382.80,3888.90,1188.15,282.55,213.43,892.80,7573.05
2017-08-24,2728.55,5506.25,383.90,3882.65,1179.70,281.45,214.10,912.15,7612.85
2017-08-28,2742.05,5578.00,386.70,3959.20,1199.70,282.45,220.35,941.00,7579.00
2017-08-29,2726.60,5442.95,380.30,3945.70,1190.45,280.25,217.25,927.45,7521.50
2017-08-30,2750.55,5489.65,384.75,3988.10,1204.30,282.00,226.43,926.65,7557.45
2017-08-31,2814.50,5502.85,375.20,3995.10,1219.75,282.25,227.35,914.95,7700.30
2017-09-01,2916.35,5495.30,379.70,4048.95,1216.15,283.60,224.15,919.95,7812.30
2017-09-04,2915.15,5377.25,377.75,3978.90,1197.15,283.10,214.52,900.20,7821.50
2017-09-05,2950.70,5395.90,371.85,3970.45,1205.20,282.85,215.93,901.90,7817.20
2017-09-06,2920.55,5456.15,371.45,3950.65,1206.40,275.70,214.13,895.60,7846.65
2017-09-07,2965.45,5623.80,370.15,3982.90,1208.75,270.40,216.10,895.75,7919.20
2017-09-08,2915.45,5594.75,370.65,3956.05,1207.55,272.35,214.57,884.30,7970.75
2017-09-11,2929.60,5733.30,369.50,3944.50,1219.90,273.60,214.52,878.70,8142.40
2017-09-12,2935.75,5678.90,370.10,3918.90,1249.80,277.65,217.45,884.05,8154.50
2017-09-13,2934.95,5723.35,370.65,3893.55,1250.95,271.50,207.98,883.75,8122.60
2017-09-14,2928.35,5680.60,370.05,3891.25,1247.85,272.00,209.85,892.40,8070.25
2017-09-15,3025.60,5674.55,374.00,3888.00,1246.00,269.30,207.82,908.25,8099.75
2017-09-18,3137.40,5626.45,389.10,3949.90,1280.05,267.00,207.82,909.10,8157.85
2017-09-19,3115.45,5651.25,398.30,3944.25,1279.30,267.85,209.15,912.25,8131.70
2017-09-20,3090.55,5602.90,393.95,3856.05,1259.35,271.55,206.98,912.70,8120.15
2017-09-21,3078.85,5486.30,387.65,3896.40,1256.70,269.55,206.63,909.55,8144.95
2017-09-22,3042.45,5231.65,390.00,3791.15,1239.20,268.45,204.20,898.30,8068.20
2017-09-25,3044.10,5110.60,391.35,3755.95,1247.15,262.25,199.50,895.35,7964.95
2017-09-26,3044.90,5170.50,376.40,3787.75,1217.35,262.45,199.82,905.90,7889.90
2017-09-27,3031.25,5071.35,382.65,3727.40,1205.90,258.50,197.82,899.80,7739.95
2017-09-28,3039.45,5043.75,392.60,3740.05,1202.80,261.55,198.70,896.00,7897.35
2017-09-29,3109.40,5154.45,398.40,3774.55,1173.90,258.30,200.25,899.90,7978.20
2017-10-03,3162.20,5325.45,408.50,3806.25,1186.35,261.40,203.27,903.55,7888.30
2017-10-04,3173.50,5274.50,416.50,3794.90,1197.50,267.40,204.38,899.60,7847.20
2017-10-05,3130.80,5258.70,404.65,3755.45,1187.65,265.25,203.38,903.05,7831.05
2017-10-06,3141.55,5297.95,399.95,3703.95,1207.30,266.15,207.73,920.15,7903.20
2017-10-09,3125.45,5305.80,398.50,3676.40,1220.25,268.00,207.07,923.90,7896.70
2017-10-10,3134.70,5333.65,399.85,3695.25,1209.20,266.20,205.43,935.45,7893.70
2017-10-11,3143.90,5301.20,410.50,3689.55,1218.05,265.40,209.05,930.70,7825.15
2017-10-12,3155.90,5392.15,432.00,3751.00,1241.00,267.00,207.45,927.30,7904.25
2017-10-13,3160.85,5375.25,449.95,3763.85,1248.60,265.95,207.30,930.10,7874.15
2017-10-16,3224.80,5354.30,471.50,3776.65,1281.30,267.50,206.77,939.00,7842.00
2017-10-17,3259.95,5356.75,479.20,3789.05,1282.15,267.25,206.95,930.50,7838.90
2017-10-18,3226.80,5315.05,461.75,3753.00,1263.95,270.35,205.80,924.35,7784.05
2017-10-19,3217.95,5306.10,460.25,3735.60,1257.70,269.65,204.82,926.95,7731.10
2017-10-23,3217.65,5287.30,449.00,3791.25,1249.95,267.05,202.23,939.50,7818.50
2017-10-24,3210.05,5252.80,453.30,3755.40,1270.05,267.00,203.85,926.50,7875.00
2017-10-25,3232.25,4997.00,452.15,3769.65,1272.45,269.25,208.63,935.30,7870.20
2017-10-26,3283.40,4982.00,455.40,3750.85,1273.70,268.40,218.25,947.35,8068.05
2017-10-27,3300.15,5033.95,418.55,3786.65,1260.15,269.35,207.48,946.35,8114.45
2017-10-30,3282.20,4994.85,429.70,3833.00,1234.20,265.15,208.13,944.10,8195.25
2017-10-31,3257.10,5010.35,442.15,3849.90,1237.45,265.70,207.75,921.85,8211.25
2017-11-01,3239.75,5022.60,426.55,3819.35,1258.00,269.85,208.40,927.05,8238.40
2017-11-02,3241.10,4982.15,418.65,3735.85,1241.50,265.65,207.48,922.90,8225.80
2017-11-03,3217.45,5032.60,413.75,3689.05,1239.50,265.40,206.63,926.65,8219.40
2017-11-06,3209.85,5009.60,424.05,3688.85,1240.60,264.90,205.32,928.70,8310.20
2017-11-07,3161.65,4981.00,427.05,3681.50,1234.20,265.30,200.10,955.50,8220.30
2017-11-08,3189.05,5022.70,435.15,3622.55,1235.30,265.40,198.50,952.30,8232.00
2017-11-09,3200.00,5006.75,429.20,3597.75,1252.90,260.05,197.30,954.50,8204.80
2017-11-10,3253.35,5027.45,426.75,3605.10,1290.65,261.70,197.43,962.05,8183.50
2017-11-13,3223.00,4998.35,415.50,3579.90,1279.50,258.30,198.43,951.95,8109.20
2017-11-14,3266.55,5014.40,396.95,3655.20,1283.90,256.55,193.48,949.10,8122.95
2017-11-15,3212.95,4902.65,377.65,3671.80,1265.00,253.30,194.75,951.80,8127.25
2017-11-16,3208.85,4984.75,384.65,3657.00,1276.50,255.10,196.50,988.40,8163.70
2017-11-17,3206.85,5129.75,380.15,3631.15,1278.15,258.00,197.57,970.95,8348.35
2017-11-20,3242.00,5173.55,383.70,3658.60,1274.50,259.20,196.48,960.55,8425.65
2017-11-21,3300.25,5206.20,383.55,3678.75,1277.35,255.80,198.07,966.25,8424.80
2017-11-22,3313.20,5176.35,376.45,3661.30,1270.45,258.15,198.00,966.30,8513.15
2017-11-23,3264.65,5133.60,374.60,3677.35,1267.50,258.15,197.38,991.25,8463.40
2017-11-24,3288.30,5160.60,380.80,3653.25,1265.95,260.75,197.70,1009.55,8487.95
2017-11-27,3271.40,5151.85,386.60,3663.00,1260.30,259.25,196.30,998.75,8508.60
2017-11-28,3289.15,5240.20,377.85,3673.60,1267.85,257.00,195.30,984.70,8624.15
2017-11-29,3315.90,5305.60,384.15,3656.30,1276.15,258.05,196.85,982.70,8671.35
2017-11-30,3305.50,5214.10,383.70,3633.65,1272.45,256.05,196.75,976.10,8599.10
2017-12-01,3216.90,5098.85,385.95,3604.05,1250.50,255.20,193.93,958.80,8609.00
2017-12-04,3198.70,5056.80,376.50,3601.40,1268.60,255.10,195.27,985.35,8500.80
2017-12-05,3163.90,5003.65,378.55,3520.55,1261.00,253.85,195.25,984.35,8500.40
2017-12-06,3109.55,4964.65,370.35,3505.60,1275.60,251.60,194.38,990.30,8612.40
2017-12-07,3196.05,5070.20,382.35,3551.10,1291.95,253.35,195.75,999.80,8882.40
2017-12-08,3212.65,5125.10,373.70,3519.55,1326.65,262.20,202.43,1001.85,9042.25
2017-12-11,3210.85,5106.30,368.05,3514.85,1324.05,266.25,202.20,1005.30,9133.80
2017-12-12,3165.70,5109.70,355.40,3441.70,1314.65,261.55,197.55,1010.50,9131.35
2017-12-13,3151.30,5056.15,357.70,3419.45,1315.05,259.00,201.10,1003.75,9120.65
2017-12-14,3162.80,5116.25,356.65,3460.55,1321.60,264.25,205.00,1013.10,9112.75
2017-12-15,3198.80,5170.35,354.50,3503.00,1324.55,264.60,206.57,1022.90,9165.90
2017-12-18,3226.75,5210.60,357.75,3535.35,1331.75,263.20,204.80,1016.60,9309.10
2017-12-19,3319.80,5279.50,362.50,3701.00,1349.70,264.25,204.95,1003.95,9801.50
2017-12-20,3301.20,5312.70,364.25,3749.20,1362.65,263.30,205.05,1015.85,9733.90
2017-12-21,3289.45,5353.35,361.60,3805.95,1348.45,263.05,205.48,1022.05,9631.05
2017-12-22,3328.95,5428.15,363.95,3792.80,1356.50,263.10,205.13,1039.35,9700.00
2017-12-26,3369.00,5403.55,369.60,3813.80,1348.10,264.15,204.98,1035.60,9679.00
2017-12-27,3339.05,5326.30,367.50,3786.65,1352.45,262.15,200.75,1034.25,9644.10
2017-12-28,3295.15,5305.75,368.15,3716.65,1354.50,261.85,196.00,1033.25,9629.20
2017-12-29,3333.60,5230.40,378.75,3785.15,1367.85,263.25,194.27,1042.05,9729.55
2018-01-01,3289.25,5171.85,369.95,3749.10,1344.50,262.30,194.98,1033.55,9651.90
2018-01-02,3294.75,5101.10,378.80,3743.85,1338.60,260.75,193.20,1029.70,9554.05
2018-01-03,3241.05,5099.45,378.65,3755.20,1350.35,261.15,193.15,1021.30,9416.60
2018-01-04,3264.45,5062.55,379.05,3738.90,1352.25,261.55,193.65,1015.40,9386.25
2018-01-05,3279.85,5127.20,372.60,3744.65,1356.55,262.90,191.93,1012.00,9433.85
2018-01-08,3275.75,5221.25,374.40,3786.75,1368.40,265.60,194.27,1036.05,9448.95
2018-01-09,3243.50,5156.40,368.40,3749.45,1361.30,270.55,196.20,1041.35,9383.55
2018-01-10,3207.40,5199.55,370.80,3736.90,1365.80,269.40,194.77,1052.25,9375.85
2018-01-11,3193.40,5146.40,367.75,3705.65,1378.65,269.80,194.45,1075.80,9339.80
2018-01-12,3175.35,5057.30,374.80,3687.35,1374.00,267.55,194.52,1078.45,9459.15
2018-01-15,3166.00,5010.35,370.50,3628.80,1367.20,267.60,195.43,1081.15,9358.45
2018-01-16,3160.05,4956.80,367.95,3586.10,1382.00,261.70,192.07,1122.85,9322.05
2018-01-17,3194.15,4964.90,366.10,3566.85,1371.20,266.05,192.02,1152.10,9313.90
2018-01-18,3201.20,4922.60,343.80,3593.35,1356.95,273.40,189.02,1152.70,9368.70
2018-01-19,3210.40,4973.05,346.05,3589.75,1362.45,274.55,192.98,1143.45,9323.95
2018-01-22,3274.50,5051.45,343.50,3602.95,1355.10,273.65,191.25,1150.00,9310.10
2018-01-23,3295.95,5014.60,339.40,3630.00,1368.35,276.60,194.70,1177.10,9393.40
2018-01-24,3341.55,5014.45,342.30,3645.50,1365.90,281.45,195.15,1185.80,9434.95
2018-01-25,3311.70,4933.05,343.45,3571.20,1372.75,281.25,196.15,1175.40,9278.20
2018-01-29,3363.90,4912.40,353.40,3641.75,1397.30,275.65,199.82,1182.90,9630.70
2018-01-30,3358.30,4875.65,344.45,3687.85,1400.25,275.20,208.13,1170.65,9571.55
2018-01-31,3337.15,4812.35,351.55,3691.45,1369.35,271.40,208.80,1150.25,9509.70
2018-02-01,3412.95,5038.40,346.85,3732.95,1371.25,275.30,208.95,1144.60,9401.85
2018-02-02,3241.30,4935.75,344.85,3623.45,1372.20,275.35,204.32,1143.25,8990.60
2018-02-05,3185.55,4918.00,349.00,3636.40,1355.75,279.25,204.50,1138.20,9080.60
2018-02-06,3135.10,4904.60,344.95,3541.85,1325.35,273.50,200.65,1107.75,8984.60
2018-02-07,3135.55,5012.05,338.55,3566.40,1312.65,275.15,202.38,1109.05,8921.80
2018-02-08,3157.95,5057.25,349.20,3582.20,1329.55,274.10,192.80,1134.25,9030.70
2018-02-09,3099.25,5059.35,341.50,3546.10,1333.05,271.35,189.32,1109.15,8936.10
2018-02-12,3154.10,5235.45,338.25,3611.90,1344.45,269.85,189.52,1102.80,9117.85
2018-02-14,3109.75,5189.00,327.40,3596.05,1349.40,266.50,188.68,1097.75,9001.60
2018-02-15,3143.50,5130.35,331.05,3527.25,1358.15,268.10,188.40,1114.45,9020.25
2018-02-16,3103.90,5058.25,327.55,3494.20,1352.10,266.45,187.52,1128.05,8836.95
2018-02-19,3030.60,5000.75,329.85,3465.70,1335.90,264.10,184.82,1131.75,8724.85
2018-02-20,3049.85,5014.30,334.00,3477.45,1331.80,263.25,183.30,1136.95,8722.65
2018-02-21,3012.60,4973.45,338.05,3490.75,1330.60,268.20,184.25,1147.40,8782.75
2018-02-22,2974.30,4951.85,333.85,3481.20,1326.45,267.10,181.60,1160.75,8634.05
2018-02-23,2986.40,5019.65,340.40,3494.70,1323.15,269.05,184.20,1155.65,8698.80
2018-02-26,3008.70,5192.95,344.45,3537.85,1333.30,266.55,188.35,1138.60,9005.35
2018-02-27,3034.70,5121.35,344.80,3585.50,1346.35,266.40,188.73,1150.20,8891.20
2018-02-28,3020.60,5051.70,346.70,3596.70,1317.75,265.05,189.65,1172.60,8850.95
2018-03-01,3020.90,4999.40,345.20,3576.90,1324.25,264.00,190.75,1160.75,8873.45
2018-03-05,2943.55,5037.45,339.15,3556.45,1299.75,260.25,189.63,1155.90,8795.10
2018-03-06,2899.20,4980.65,331.95,3561.90,1293.20,256.50,191.10,1151.35,8616.50
2018-03-07,2903.90,4836.15,329.45,3554.40,1293.85,259.90,189.70,1144.10,8679.10
2018-03-08,2923.90,4864.60,331.20,3586.70,1293.15,258.85,191.05,1156.65,8729.35
2018-03-09,2935.40,4966.25,333.15,3586.35,1300.75,259.25,192.75,1163.40,8660.60
2018-03-12,2957.75,5040.05,339.50,3694.50,1324.20,270.10,200.32,1185.75,8810.30
2018-03-13,2971.75,5098.40,349.00,3701.20,1320.55,269.45,203.93,1183.80,8756.05
2018-03-14,2950.55,5111.60,339.15,3639.35,1316.90,268.05,197.52,1180.80,8846.30
2018-03-15,2948.75,5034.50,337.90,3640.80,1299.95,265.55,192.05,1182.50,8837.55
2018-03-16,2910.45,5011.35,334.45,3546.10,1299.15,260.50,184.75,1171.90,8676.55
2018-03-19,2849.45,4963.45,325.35,3515.30,1309.40,259.15,177.90,1146.75,8773.50
2018-03-20,2873.00,5080.85,341.90,3513.80,1313.25,259.20,173.85,1164.55,8802.40
2018-03-21,2851.80,5131.50,337.15,3463.60,1315.60,259.05,172.45,1167.50,8874.65
2018-03-22,2834.95,5119.85,335.20,3452.30,1311.85,258.30,170.10,1161.30,8696.55
2018-03-23,2789.95,5126.70,342.50,3413.75,1301.65,256.00,168.85,1167.60,8607.25
2018-03-26,2848.65,5151.05,343.95,3481.70,1324.30,258.10,167.20,1155.25,8765.30
2018-03-27,2798.30,5258.95,336.55,3464.70,1332.80,258.90,174.85,1154.00,8852.30
2018-03-28,2744.70,5171.55,336.15,3542.80,1333.35,255.50,176.60,1131.80,8861.10
2018-04-02,2808.95,5267.40,337.65,3646.00,1351.30,258.25,170.45,1137.15,9008.20
2018-04-03,2792.00,5381.60,339.15,3644.95,1348.40,258.50,174.15,1140.45,9026.45
2018-04-04,2766.00,5228.55,336.95,3667.15,1357.45,258.60,171.15,1124.20,9013.50
2018-04-05,2808.15,5443.85,338.05,3782.15,1382.20,259.65,173.55,1147.55,9132.60
2018-04-06,2786.40,5484.25,338.00,3779.45,1374.80,260.85,174.25,1127.00,9206.20
2018-04-09,2772.45,5561.30,337.20,3798.70,1391.60,265.80,179.80,1111.25,9292.65
2018-04-10,2766.45,5412.90,335.45,3718.30,1391.50,266.70,179.30,1113.40,9273.45
2018-04-11,2755.55,5420.20,337.45,3739.35,1409.15,265.15,167.35,1124.25,9302.50
2018-04-12,2763.20,5420.75,340.70,3749.45,1412.75,261.95,168.25,1162.60,9204.45
2018-04-13,2786.20,5316.80,339.70,3725.90,1410.55,260.75,165.35,1171.45,9123.95
2018-04-16,2838.30,5386.15,340.05,3803.15,1419.50,264.45,165.00,1133.20,9232.00
2018-04-17,2864.20,5426.10,334.00,3769.00,1445.55,267.60,167.20,1125.20,9160.35
2018-04-18,2862.05,5371.85,336.05,3737.80,1450.50,275.35,164.95,1125.95,9121.50
2018-04-19,2857.95,5385.20,335.95,3723.60,1454.20,277.35,157.95,1132.85,9077.65
2018-04-20,2852.70,5286.35,331.10,3742.70,1467.80,276.20,160.10,1178.45,9025.00
2018-04-23,2852.15,5294.00,328.00,3718.20,1452.75,275.50,161.70,1187.70,9064.85
2018-04-24,2886.80,5427.65,329.00,3716.90,1459.65,276.00,163.05,1154.50,9064.65
2018-04-25,2900.35,5434.30,325.45,3717.20,1459.20,274.10,160.60,1160.35,8934.60
2018-04-26,2884.95,5339.25,316.10,3761.85,1491.25,278.25,161.15,1176.45,8946.45
2018-04-27,2947.15,5435.25,320.25,3713.50,1473.95,279.40,162.90,1185.20,8783.35
2018-04-30,2952.60,5482.60,313.10,3732.25,1508.90,281.45,162.30,1199.50,8814.95
2018-05-02,2965.95,5436.90,313.80,3664.10,1471.95,287.25,161.15,1197.05,8744.50
2018-05-03,2975.20,5402.05,324.95,3655.60,1452.20,285.00,161.70,1182.55,8755.95
2018-05-04,2888.65,5348.05,322.45,3659.75,1464.20,277.15,161.50,1173.10,8678.20
2018-05-07,2915.30,5401.30,320.65,3648.05,1497.90,282.25,164.30,1183.00,8743.70
2018-05-08,2892.25,5340.70,321.00,3657.30,1496.05,282.70,166.55,1165.55,8775.20
2018-05-09,2872.00,5349.50,324.85,3654.40,1496.00,282.30,167.20,1170.70,8718.35
2018-05-10,2827.50,5237.95,320.70,3646.00,1486.50,280.15,167.95,1168.00,8704.95
2018-05-11,2815.45,5345.45,319.85,3618.30,1504.10,283.65,169.10,1180.75,8750.30
2018-05-14,2831.95,5386.45,316.00,3648.30,1503.55,284.80,168.40,1189.30,8707.00
2018-05-15,2823.65,5397.50,312.45,3649.60,1515.50,281.85,167.20,1194.55,8726.60
2018-05-16,2811.90,5319.20,315.20,3575.50,1574.10,285.85,165.95,1189.95,8695.60
2018-05-17,2815.45,5569.25,321.75,3554.55,1569.80,278.95,164.75,1182.90,8697.50
2018-05-18,2787.50,5729.80,316.15,3561.05,1605.80,282.30,163.70,1183.20,8510.95
2018-05-21,2720.55,5722.05,321.70,3492.90,1578.65,282.35,165.15,1179.50,8428.50
2018-05-22,2808.50,5971.80,315.85,3499.90,1574.30,278.75,160.50,1193.85,8560.65
2018-05-23,2774.95,5790.05,317.30,3482.95,1568.10,273.45,153.50,1184.90,8497.40
2018-05-24,2732.80,5826.40,318.35,3489.90,1561.10,274.85,155.90,1221.00,8410.75
2018-05-25,2758.50,6071.70,314.85,3552.85,1575.75,272.30,163.45,1228.30,8548.15
2018-05-28,2790.15,6009.35,310.70,3599.80,1582.85,275.30,170.45,1214.40,8709.30
2018-05-29,2796.05,5887.85,304.90,3610.40,1572.70,274.05,172.45,1216.70,8714.90
2018-05-30,2762.90,5958.85,301.15,3601.45,1585.80,271.90,170.80,1211.70,8588.20
2018-05-31,2750.30,6042.25,298.65,3544.90,1611.45,271.65,174.10,1231.80,8537.20
2018-06-01,2896.55,5882.20,300.65,3626.30,1588.85,269.95,172.35,1220.80,8808.85
2018-06-04,2878.50,5748.55,295.15,3613.60,1563.20,268.90,173.80,1239.40,8749.85
2018-06-05,2847.55,5770.95,294.65,3610.40,1562.80,267.50,173.95,1220.85,8810.40
2018-06-06,2885.25,5914.75,294.60,3635.20,1571.15,270.40,174.90,1237.45,8842.35
2018-06-07,2888.60,6014.25,,,,,,1252.45,8911.25
2018-06-08,2874.05,6025.50,,,,,,1260.05,8932.45
2018-06-11,2881.10,6068.95,,,,,,1262.40,9022.65
2018-06-12,2887.25,6078.55,,,,,,1258.50,9016.75
2018-06-13,2907.95,6074.80,,,,,,1274.80,8967.35
