,returns,standard_deviation,sharpe_ratio,ADANIPORTS.NS,AXISBANK.NS,ASIANPAINT.NS
0,0.2342045889205715,0.1661404071420942,1.4096786744976757,0.24429256281401956,0.3059096113118437,0.44979782587413675
1,0.2564852875273709,0.24128869702903616,1.0629809464158446,0.8129459537239702,0.106372949136905,0.08068109713912484
2,0.23937679498389594,0.1723963608223732,1.3885258009044363,0.3713041696784687,0.259216361344871,0.3694794689766604
3,0.24217269396337313,0.17829089962477226,1.3583009254709315,0.43576074384261565,0.23366191588761723,0.33057734026976715
4,0.2336922668971059,0.16918777130377052,1.3812597984846073,0.28803681167407885,0.3147424486578817,0.39722073966803956
5,0.23094941849119519,0.18906291673668557,1.2215479506901208,0.4377185700852522,0.3557177284144792,0.2065637015002686
6,0.2603735847165766,0.22715747079579426,1.1462250561446088,0.7534700847447784,0.05969434523783562,0.18683557001738596
7,0.22205641638689,0.17451275175182301,1.2724366222972605,0.10992810900654255,0.4278279709000635,0.4622439200933939
8,0.24657418916578908,0.17049076114760114,1.4462612959556163,0.3841469733294269,0.18199618188245428,0.433856844788119
9,0.18810367184574406,0.23446340478621258,0.8022730541564043,0.0026177178354658453,0.7886131882945365,0.2087690938699975
10,0.25857509764964093,0.18692549484518756,1.3833056740804344,0.5245318891213858,0.0621271901971411,0.41334092068147305
11,0.21427343253574097,0.1861302367300273,1.1512016333301827,0.009715987056359798,0.5048820726874683,0.48540194025617184
12,0.238898979316436,0.17448094557353916,1.369198100865096,0.3871975054759512,0.2655937970670123,0.3472086974570364
13,0.2520943803992359,0.1639947033149989,1.5372105031649481,0.2480464682831574,0.11186740594567797,0.6400861257711645
14,0.22875626868507506,0.18060984358720478,1.266576971341119,0.35364349254582167,0.3732593979081465,0.2730971095460319
15,0.25379335113572193,0.1649509224065082,1.5385991629090061,0.2595144057422473,0.09426953782983111,0.6462160564279216
16,0.25037762541158537,0.21592556760331233,1.159555249481,0.6821117219491541,0.16294175046614628,0.15494652758469973
17,0.2531818301580723,0.17715830555390322,1.429127634555286,0.45235646125399886,0.11531816054618484,0.4323253781998163
18,0.23472694231774865,0.17696849418644114,1.326377010760217,0.37859739898273187,0.3102688653378199,0.31113373567944813
19,0.25652021148912385,0.16674505528285277,1.5383977117281458,0.2681329865983251,0.06529365920286984,0.666573354198805
20,0.22076331009757025,0.19336001603797023,1.1417216166046387,0.3632599534660389,0.46079896994767644,0.1759410765862847
21,0.2209803757222001,0.20900973488823746,1.057273125772652,0.46963682420245934,0.46638798074765525,0.06397519504988539
22,0.23658786055352554,0.16442679294515627,1.4388644108167836,0.2396946280159877,0.27967853270078513,0.48062683928322725
23,0.2297928870251728,0.16923275390259146,1.3578511353507792,0.23160869752626312,0.3528828947295355,0.4155084077442013
24,0.2634926166691901,0.26867233783935496,0.9807210477572056,0.9409484367254867,0.03982023315035594,0.01923133012415736
25,0.21635022260416686,0.18933974222398503,1.142656159044671,0.25865491087448,0.5009203854668146,0.24042470365870536
26,0.23689441266330624,0.17628539704421928,1.3438118904646643,0.3892242162855787,0.2875192215561234,0.323256562158298
27,0.22301612293526274,0.18689014939827137,1.1933005760512572,0.3396060948215194,0.43456140012099476,0.2258325050574858
28,0.24210704245442954,0.16187614562120542,1.4956313762311009,0.20810025030645943,0.21736779033290585,0.5745319593606346
29,0.2520877612067223,0.17887907641973388,1.4092635441341763,0.46645268254851496,0.12825521530510817,0.40529210214637684
30,0.22993310551734877,0.1698038039548808,1.3541104507790955,0.24483169578732547,0.3523476287430107,0.402820675469664
31,0.22491807915132764,0.197318136808841,1.1398753443999172,0.43704381324361036,0.42118098439575147,0.14177520236063818
32,0.21119654360083417,0.18967558402333629,1.1134619391753138,0.09390540989443133,0.5445932030300653,0.3615013870755034
33,0.23416443834501455,0.16557361397780393,1.4142618060894994,0.2306344357843308,0.3053254127156454,0.46404015150002387
34,0.23789773014811358,0.17035581256656288,1.3964755681885532,0.3407939763947249,0.2730030250525912,0.38620299855268386
35,0.2213268670682274,0.19204330291519991,1.15248417262412,0.3601482343030992,0.4544450376449186,0.18540672805198222
36,0.2138404677386087,0.21040897059108044,1.0163087017530124,0.39648515055371186,0.5384783937971053,0.06503645564918284
37,0.24819857024492017,0.16491573906261053,1.505002322129431,0.3127779859958464,0.15902023744400093,0.5282017765601525
38,0.24424855892732256,0.22088827112962925,1.105756125837864,0.6852255412053334,0.22974956242429373,0.08502489637037272
39,0.2300599911402705,0.18146257809274643,1.2678095591846252,0.3741277390080183,0.3606283570582284,0.26524390393375336
40,0.23394828246240681,0.1854372029047991,1.2616038141090418,0.43676205449712485,0.32307198781545093,0.24016595768742421
41,0.2222795847525169,0.1911270786851616,1.1629936808623125,0.36482792744105186,0.44444601363260167,0.19072605892634645
42,0.22948003693760705,0.1940400366283342,1.182642721188282,0.4577235968771967,0.37317292068622254,0.16910348243658074
43,0.23550480980857222,0.22686707438617176,1.0380739930894394,0.6706103181251499,0.32363416350517293,0.005755518369677099
44,0.24871403837147574,0.17514336037553085,1.4200597604054157,0.43190086035464104,0.16232012100889245,0.40577901863646654
45,0.2239976472977479,0.17268967544553213,1.2971108244881655,0.08808534363855282,0.40511016549586554,0.5068044908655817
46,0.22730279904586936,0.19239007505039227,1.1814684254701417,0.4276690517976036,0.3945773243852654,0.17775362381713097
47,0.22073026114708102,0.18524763441357475,1.1915415915880982,0.2916310291520991,0.4558069570342978,0.2525620138136031
48,0.23947368644444333,0.17356001248819958,1.3797745402946733,0.3826023448017108,0.25900792979145904,0.35838972540683023
49,0.23985774972703422,0.16526266273161122,1.4513728979216947,0.0859245709631938,0.23267301243282076,0.6814024166039855
50,0.25615213347229004,0.2057099612423299,1.2452101586395148,0.6407780030564197,0.09713003033789148,0.26209196660568895
51,0.22976534201203108,0.1715875374777397,1.3390561190484995,0.2699639572558913,0.3560474019596614,0.37398864078444727
52,0.23569281358624972,0.18363829278539867,1.2834622344353985,0.4368153851889033,0.30412651167161564,0.2590581031394811
53,0.2055350068894714,0.20684847803197645,0.9936500807015752,0.22377157358884545,0.6157915700920784,0.16043685631907606
54,0.20753058991913365,0.19572816386524142,1.060300090803581,0.07653397294357123,0.5831158317884602,0.3403501952679686
55,0.25352308982318505,0.1725402066723585,1.469356590632856,0.0809019122135469,0.08386202911171933,0.8352360586747337
56,0.26360986042623447,0.20316689726603984,1.2975039928923398,0.6247947356489256,0.014928627100030328,0.3602766372510441
57,0.2558764125989073,0.18643577988644083,1.3724640879275598,0.5232692513963917,0.0913465443124459,0.38538420429116244
58,0.23307834042371892,0.17233248121775668,1.3524922218766449,0.31952581982224676,0.32376341399590136,0.3567107661818519
59,0.21530941371307477,0.18647470298163338,1.1546306832529527,0.19541164718111356,0.5075013167301744,0.29708703608871206
60,0.23348850196214532,0.16741816144985242,1.3946426118894113,0.06390906106107229,0.3002124514074096,0.6358784875315181
61,0.23205582756183088,0.17404335986261207,1.333321924749173,0.32704709211661,0.33543203384284614,0.33752087404054393
62,0.23265473901606404,0.19205943559161173,1.2113684407090142,0.4704485494479998,0.3396392561571301,0.18991219439487012
63,0.19592299225042287,0.2333808169055576,0.8394991278555134,0.27404866858464166,0.7239551951870735,0.0019961362282848527
64,0.23390466877225588,0.19448260512817253,1.2027022602772237,0.4941739392471595,0.3278346505447419,0.17799141020809858
65,0.22781679851860323,0.2139282430721508,1.0649215608327522,0.5569582672833362,0.3986526314260518,0.04438910129061203
66,0.2384338877511777,0.19772229645985823,1.20590288510828,0.540768863095127,0.2821181781832512,0.17711295872162175
67,0.23802104603672783,0.18663227473076296,1.2753477198951717,0.4718808557143417,0.2814563119431266,0.2466628323425317
68,0.2514536825253156,0.1816311432474784,1.3844194229549152,0.4869750402448541,0.13667582082213617,0.37634913893300964
69,0.22457154428088097,0.18920371885038112,1.186929863986807,0.3769479011846539,0.4204556878264874,0.2025964109888588
70,0.24510586625134714,0.17512348054400012,1.3996173756366372,0.42247053786557837,0.20080835079590245,0.3767211113385192
71,0.2642523760152757,0.21858527345026063,1.2089212225699488,0.711067754569409,0.014394465172487707,0.27453778025810344
72,0.23338191733080232,0.18939182682854874,1.23227026867467,0.45890591335428216,0.3308782079696254,0.21021587867609245
73,0.21743971222244496,0.2179627182997348,0.99760047919493,0.4848767238613961,0.5059858925703189,0.009137383568285007
74,0.24262941779037062,0.18833397150057316,1.2882934281966874,0.5063857876753409,0.23397688979405093,0.2596373225306083
75,0.2383655137900568,0.1796904849658801,1.3265338664722175,0.4257586814886279,0.2742691010738935,0.2999722174374785
76,0.2398963439937943,0.1748245970695525,1.3722116224775485,0.3961569009423501,0.25542952081788356,0.3484135782397663
77,0.20960683568544666,0.19209791066841247,1.0911458378496215,0.05571393953290817,0.5590078695228632,0.38527819094422866
78,0.24206141528965514,0.17359863390333757,1.394373963935907,0.396986406725846,0.23197403350501883,0.3710395597691351
79,0.2413130963920065,0.17263942908369928,1.3977866914458617,0.3846191523504491,0.23917854052237078,0.37620230712718017
80,0.23041449648489243,0.1910063456049542,1.206318542743305,0.4461079114389579,0.3621548834970975,0.19173720506394454
81,0.21661136473887457,0.18145278192280065,1.1937616080806752,0.1015877443750263,0.4863501931293864,0.4120620624955874
82,0.2282801079075212,0.17457505624531414,1.3076330193858872,0.28742192311138093,0.37348451122041837,0.3390935656682007
83,0.23383981424283318,0.174839279278415,1.3374558349126195,0.352122181986497,0.3179272193175501,0.32995059869595306
84,0.22074254943582164,0.20601724833013782,1.071476059529185,0.4492000462364309,0.4674445816576825,0.08335537210588659
85,0.2609030269431003,0.17164775968102455,1.5199908663412798,0.2104851996290532,0.01338006079296592,0.7761347395779808
86,0.22739349022054126,0.21090945139693207,1.078156947042578,0.5377770575034725,0.40181777305155497,0.06040516944497232
87,0.23425903302551193,0.19062331742946562,1.2289106924822688,0.4730324053419001,0.3224061061657188,0.2045614884923811
88,0.24971072182757842,0.20475873875452652,1.2195363350374133,0.6239086535243369,0.16583776933903455,0.21025357713662857
89,0.2543634515841011,0.18982282202587547,1.3400045835870456,0.5457919682853355,0.10946318834988214,0.3447448433647825
90,0.22540283114383586,0.19428670646873852,1.1601557061759347,0.42193558787924923,0.4147868560894187,0.163277556031332
91,0.2311354810354816,0.16624454373052563,1.3903342380375565,0.17360407773415545,0.3339661574570059,0.49242976480883854
92,0.2379124217389831,0.18162575858329943,1.3099046280369355,0.4371254481651181,0.28003982899240426,0.2828347228424775
93,0.2486614989681255,0.19690483556064464,1.262851154772887,0.5783091042183869,0.17382815838872176,0.24786273739289139
94,0.24707477661676136,0.22408261066327698,1.1026057572492054,0.7105830660058295,0.20094491688895577,0.08847201710521484
95,0.23007189661202707,0.1809880393208176,1.2711994531539397,0.37036611597023755,0.360218027465706,0.26941585656405637
96,0.2123989835668153,0.1880367913721359,1.1295607738087021,0.03330698477333391,0.5270050794277508,0.43968793579891546
97,0.2622210624095703,0.17668099778608856,1.484149771029972,0.4126685783214713,0.01416727794836818,0.5731641437301606
98,0.2370270963484204,0.1630364043625168,1.4538292676118083,0.16044223699926652,0.2689869578947377,0.5705708051059958
99,0.23921780512172539,0.179577421248484,1.33211515934799,0.42999185662399375,0.26532757213703834,0.30468057123896797
100,0.24673824081880963,0.16415788492648734,1.503054458391098,0.2985956074598017,0.1738231532189627,0.5275812393212357
101,0.21258675621149692,0.1944065436257356,1.093516464243926,0.23996120386764852,0.5404034381663666,0.2196353579659849
102,0.25754103419839003,0.1674902774502336,1.5376476659960947,0.2626532501610883,0.05379590990464086,0.6835508399342707
103,0.26052238414593737,0.19290149324506692,1.3505462283537804,0.5637084039572104,0.043902017909873116,0.3923895781329164
104,0.2356878442261094,0.16373199480290174,1.4394733571152485,0.19762434661215225,0.28631186126670793,0.5160637921211398
105,0.25706804913325715,0.17774503641796532,1.4462741368977794,0.4521703053541729,0.07309133447194736,0.4747383601738797
106,0.25019162415234913,0.16416687184576628,1.5240079885752014,0.2895599990996792,0.13563678473299015,0.5748032161673307
107,0.24871244899738457,0.18503712641768766,1.3441218733367133,0.5059636092735074,0.16787020007751968,0.3261661906489729
108,0.24902024792002025,0.21349885234357824,1.1663774544290213,0.6664157450082542,0.17651330840299992,0.15707094658874587
109,0.2117126210498845,0.18884278595611811,1.1211051562175147,0.04625275466327983,0.5354275982251284,0.4183196471115918
110,0.2492764147260381,0.16567284418582146,1.504630502066141,0.12867251719955738,0.13355897344354248,0.7377685093569002
111,0.20755112681767782,0.20154590267169425,1.0297958135907417,0.20874550682280832,0.5927695421325039,0.1984849510446878
112,0.2564806049770908,0.19469916311362775,1.3173174495229185,0.5775505334200506,0.08883873281827069,0.3336107337616787
113,0.23873321598408523,0.22337160529136663,1.0687715462879934,0.671790425955532,0.2886547029255768,0.03955487111889125
114,0.2322706309476969,0.19744911782682842,1.1763568938880167,0.5001119400691479,0.34602750443951874,0.1538605554913333
115,0.23877672149275786,0.1772365864511959,1.3472202679693774,0.4093588341051,0.2685773362730696,0.3220638296218304
116,0.2287898602172206,0.17234142680826267,1.3275383896627435,0.2659311508919851,0.3663420197821772,0.36772682932583767
117,0.23407658437512968,0.17285197145943182,1.354202572286352,0.33482527656591504,0.31406321751129707,0.3511115059227879
118,0.25636426565966985,0.1682804454486645,1.523434674635896,0.3320492830699805,0.07176240533811716,0.5961883115919023
119,0.22744044179399162,0.17439415392591845,1.304174690916571,0.27293787260260527,0.38152311667543903,0.34553901072195564
120,0.22444639286611462,0.18720880029760023,1.1989094129619917,0.359908292521195,0.42054217440244485,0.2195495330763602
121,0.21080022052135905,0.19285878917625854,1.0930288498736938,0.169606330651751,0.5545533404510654,0.2758403288971836
122,0.1960870755001011,0.2312139850442593,0.8480761899526356,0.2579595343847834,0.7209709592819153,0.021069506333301263
123,0.2403081976840076,0.16207778423891445,1.482672031903989,0.19535590352349513,0.23595515757101984,0.568688938905485
124,0.25756836804280603,0.1766014642586711,1.458472437496562,0.43958053186296603,0.06671625456769283,0.4937032135693411
125,0.2404146000742005,0.16255670082203016,1.478958411793867,0.14900614137998505,0.23133686040407847,0.6196569982159364
126,0.2334692351177445,0.16472401579098375,1.417335741826442,0.17904481269213154,0.30902288182461535,0.5119323054832531
127,0.22842106675488455,0.18010408885358414,1.268272520678749,0.34554205615070627,0.376295217909503,0.2781627259397907
128,0.2207616804835725,0.18836284210976229,1.1720022803379175,0.32187986930975987,0.4577253958252862,0.2203947348649539
129,0.2280949347031973,0.1852130854292937,1.2315271039004099,0.3841584793491386,0.38272254976803693,0.2331189708828245
130,0.24949755600972248,0.16690103379320317,1.4948832271396209,0.3440291381873955,0.14724498299580469,0.5087258788167999
131,0.22706998634842568,0.17073931218396599,1.329922110168543,0.20369485177081834,0.38037432088504036,0.4159308273441413
132,0.2161567994839712,0.19934718696872095,1.084323299319432,0.34793709478839613,0.509691161731244,0.14237174348035989
133,0.22998601255673615,0.17263027791245128,1.3322460887966165,0.2868220268437773,0.35490980494051816,0.3582681682157046
134,0.20766861747119403,0.21839518079333553,0.9508846152961045,0.36501498883624356,0.603167355754149,0.03181765540960738
135,0.21993464876437244,0.19050879269745577,1.1544593068396976,0.3290008502842488,0.4672407552796943,0.20375839443605695
136,0.22862006970334828,0.1699214244540988,1.3454458167228103,0.059865178292409206,0.35279228001105256,0.5873425416965382
137,0.22727575200905784,0.1868348865396732,1.216452431440299,0.38812753820573404,0.39191718895395483,0.21995527284031127
138,0.23421422940272946,0.1665302849762745,1.4064362493350555,0.0760496764945924,0.293236406567506,0.6307139169379016
139,0.23377627760777606,0.1691128785087641,1.3823682718265649,0.2879789357076197,0.313825583241477,0.39819548105090335
140,0.22080369475559436,0.17856142345722162,1.2365699739646892,0.20476080103035488,0.44851971558778453,0.34671948338186065
141,0.20619057936711152,0.19957712009981338,1.033137361958077,0.12924501713947442,0.6016090534864915,0.26914592937403414
142,0.22142142432819464,0.1978727400083696,1.1190092395689724,0.4038540368709721,0.4566829537873978,0.13946300934163014
143,0.2301167005277175,0.17985231952400527,1.2794758562844297,0.36129558766968517,0.3590537494207739,0.2796506629095408
144,0.21018327469369066,0.1958733182342135,1.073057201401807,0.20062494239605963,0.5635719619516141,0.23580309565232627
145,0.25612877122695077,0.17848200896091734,1.4350397147481455,0.4608920941993333,0.08394552280319223,0.4551623829974744
146,0.2256279359650071,0.17092017442129068,1.3200778476206712,0.1554905361176037,0.39243709669691274,0.4520723671854836
147,0.2598207208126103,0.17412838773130404,1.4921215558116656,0.39872298570156545,0.03919849053716829,0.5620785237612662
148,0.224582363177075,0.17186841799450617,1.3067110630194656,0.10449438167319122,0.3999846876345903,0.49552093069221853
149,0.22971196895219925,0.16714313417021634,1.374342835514043,0.14162967878049001,0.3470400129636798,0.5113303082558303
150,0.24337831501289753,0.17682382352622478,1.3763887136893749,0.42972155589116345,0.22011505504986079,0.3501633890589757
151,0.23244192325928162,0.16793152942748568,1.3841470035539223,0.25228080366515965,0.32565280954171155,0.4220663867931288
152,0.2602193780583782,0.1861447782799063,1.3979407881487051,0.5154845253662349,0.0435907960558877,0.4409246785778774
153,0.23337801499140867,0.17249125473633395,1.352984621441503,0.3242881247095043,0.3208640517067779,0.3548478235837177
154,0.25985112404598376,0.17167453747193379,1.5136264694376447,0.3584328112757486,0.035858390037175586,0.6057087986870758
155,0.24133433245846836,0.16448242755031411,1.4672347438734497,0.2860723692637477,0.23158598933583874,0.4823416414004135
156,0.2602936789304505,0.1857095130748536,1.4016173680102992,0.5118887985878336,0.04251510782226056,0.4455960935899058
157,0.24522946151889655,0.17680450157181776,1.3870091504388797,0.4365658004088701,0.20051881173560115,0.36291538785552857
158,0.20897814639867704,0.19418309344978862,1.0761912516998504,0.12347441748689872,0.5708988308518462,0.305626751661255
159,0.2559160549058504,0.17956899911533292,1.4251683540402293,0.4705994043359381,0.08698127076571639,0.4424193248983454
160,0.2587162339334567,0.17930860002908428,1.4428545752489972,0.46189660958768236,0.055915006060915526,0.48218838435140216
161,0.22155923453195944,0.19252656132037732,1.150798274339247,0.3667842081822648,0.4524167504903729,0.1807990413273622
162,0.25107566059357944,0.16581381394213257,1.5142023129701512,0.3224794568691759,0.12849342601333785,0.5490271171174863
163,0.25462934274639026,0.1781250059066389,1.4294980171388725,0.4597794541534541,0.10014950792428866,0.4400710379222571
164,0.22710325622558822,0.1768073856710529,1.2844670224812325,0.2968520398711729,0.3869721905807553,0.3161757695480717
165,0.21696409232305533,0.1811179117808242,1.1979162645470955,0.11830997825251817,0.48376801753203286,0.397922004215449
166,0.24089484344474793,0.2068014279883203,1.1648606384785367,0.6018254601675715,0.259947963085904,0.1382265767465244
167,0.22500049827258406,0.17146261099708884,1.3122423423051932,0.10454827098329639,0.39544684296432925,0.5000048860523743
168,0.25425941532268737,0.19011617150683174,1.3373897302237157,0.5476157927531017,0.11072949963129526,0.341654707615603
169,0.21989090725827026,0.18140231148988878,1.212172576260291,0.22974928529431932,0.46030135368537,0.3099493610203106
170,0.2592880008271875,0.19710416417655577,1.3154871786216076,0.5920478222896076,0.059427226355883135,0.3485249513545093
171,0.24950752268959867,0.18952989665382944,1.3164546970936017,0.536764941239428,0.16153493988789164,0.3017001188726804
172,0.23551591756491985,0.17618569988879407,1.3367482021161432,0.3781656978879903,0.3016666020005011,0.32016770011150864
173,0.23872361862664515,0.17957288556761336,1.3293967954686576,0.42704851386207004,0.27047564798497375,0.3024758381529563
174,0.25776907269201005,0.16767710266997266,1.53729441043217,0.26640673785794955,0.05159931045617945,0.681993951685871
175,0.2290488179470221,0.17053417078899616,1.343125643894717,0.043291440987993104,0.3468969958569256,0.6098115631550812
176,0.2274372550435954,0.19762264644680427,1.1508663563252939,0.4624138750078189,0.3957124273371102,0.1418736976550708
177,0.21559931835247512,0.18307144238964643,1.1776785911458372,0.11569263266359378,0.49839694917803373,0.3859104181583725
178,0.23115022445970626,0.20164760787857303,1.1463077935390087,0.5159563669266576,0.3593812416920968,0.12466239138124563
179,0.2380550978334344,0.16266933741943376,1.4634294428803303,0.19325465003373735,0.2602718241887057,0.5464735257775569
180,0.25510824673569577,0.19338382319570468,1.3191809041727647,0.5688008564038981,0.10309193410886984,0.328107209487232
181,0.2521224774733671,0.1695819256192521,1.486729653249936,0.37642206204678236,0.12115243439419442,0.5024255035590233
182,0.2439885044778518,0.19555775929504557,1.247654428836735,0.554946000437658,0.22284187000425953,0.22221212955808262
183,0.21769114682601723,0.19539120008647484,1.1141297393622285,0.3381340715852001,0.49229243233901243,0.1695734960757874
184,0.22975793658661084,0.17760474830644768,1.2936474884679072,0.3374220867858615,0.3611672619049134,0.301410651309225
185,0.22278890838557638,0.18609255162218957,1.197194118966614,0.3296691127506252,0.4362871153368869,0.2340437719124879
186,0.19413581176931044,0.22968029093667086,0.845243668830248,0.19375954161386671,0.737369968626474,0.0688704897596593
187,0.21444450502711296,0.1845335887597308,1.1620892785341492,0.0750718869888044,0.5079062225012337,0.41702189050996186
188,0.23236789439560354,0.18601928482886398,1.2491602395384964,0.42855543750566943,0.3396254213560175,0.2318191411383131
189,0.24458892306431798,0.16373512317983366,1.4938085263213863,0.2866813602538564,0.19627944306950096,0.5170391966766427
190,0.21945016368913997,0.1950197037561381,1.1252717518407824,0.3591941558972914,0.4747589064975573,0.16604693760515135
191,0.2447082935521502,0.17893781770476924,1.367560511752167,0.4511415063350907,0.2072687163763104,0.3415897772885991
192,0.21804930429945127,0.18201211455745067,1.1979933579125897,0.0003232838631406104,0.46316609118504287,0.5365106249518166
193,0.23780901489941186,0.16610465899911878,1.43168178624462,0.2858478020362085,0.2698619462738804,0.44429025168991115
194,0.20742354285977718,0.19796350659837852,1.0477867685006754,0.14630348052091696,0.5894906900658069,0.2642058294132762
195,0.23392984935605649,0.1711830182685383,1.3665482226109948,0.31537227161659587,0.3142038583116826,0.37042387007172145
196,0.24017510345670134,0.1686801010554544,1.4238496535981007,0.3377657709998612,0.24803950181301604,0.4141947271871228
197,0.20114147417433276,0.22646050756274871,0.8881966941569251,0.31777331706488365,0.6705373829841015,0.011689299951014809
198,0.2654384700614933,0.21865261555927187,1.2139734499976234,0.710570016697059,0.0014736815422810368,0.28795630176065995
199,0.22169552179534271,0.18213334809289547,1.2172154309833965,0.2738061069232698,0.4439904944208273,0.28220339865590294
200,0.2247629036057442,0.184408703527739,1.218830235807905,0.34033432891658233,0.4156419072029607,0.24402376388045702
201,0.23525091658301206,0.1640386221711498,1.4341190718949275,0.20174683391921774,0.29136582830770286,0.5068873377730794
202,0.21925939045188486,0.17796978226044877,1.2320034764722647,0.08588365848779865,0.4564136219797825,0.4577027195324188
203,0.23247986482893757,0.1819480578838121,1.2777265530220385,0.3999178662461067,0.33626982195337773,0.26381231180051556
204,0.22826769727921659,0.16912963995231098,1.3496611081510053,0.19263721708746218,0.3665384812337429,0.440824301678795
205,0.24717716082593466,0.19048575117807004,1.2976149622596618,0.5364582429399753,0.1868249037842868,0.2767168532757378
206,0.21502995530440477,0.18739620919963898,1.1474616067357408,0.20298401263336227,0.5111025413281808,0.285913446038457
207,0.2542619197182661,0.22557991615200929,1.1271478598605789,0.7372964635294318,0.12487228151346536,0.13783125495710294
208,0.2129555193892983,0.20181776387382136,1.055187191165394,0.3196100241020047,0.5423479749662706,0.13804200093172472
209,0.22607664401388639,0.17184281362538523,1.3156013873628145,0.2041223000256312,0.39119614435736144,0.4046815556170074
210,0.19483429185192222,0.22044503331452767,0.8838225516922197,0.053315681426333694,0.7192911549829668,0.22739316359069944
211,0.25396011837832355,0.1672954924522436,1.5180332396033884,0.15809328652409363,0.08488147109302402,0.7570252423828825
212,0.22127176114481717,0.19481695294437631,1.1357931524983567,0.38045364115700187,0.4565605133667699,0.16298584547622813
213,0.24910181188447542,0.16278947229370938,1.5302083628297465,0.2401226888473382,0.1437813666666185,0.6160959444860433
214,0.252307467414916,0.23626895808712853,1.0678824228863488,0.7813669818453778,0.1493942119032416,0.0692388062513806
215,0.23260263015585753,0.1811474202552418,1.2840515742819516,0.3948074609443194,0.3345545495377787,0.27063798951790197
216,0.22147479258725217,0.21636511605071526,1.023615990552466,0.5159730102562259,0.4644790399127121,0.01954794983106196
217,0.2606970611958354,0.18103982534289048,1.4399984130678078,0.47058690256859614,0.0350480513645614,0.49436504606684245
218,0.25390437914497826,0.16954174207516015,1.4975921329888129,0.37086083912860573,0.10138159959170129,0.527757561279693
219,0.21443712835499215,0.1972259127995341,1.0872665022113601,0.30382341020307474,0.5250751001021696,0.17110148969475572
220,0.24701564111459157,0.16446033711779734,1.5019769838952883,0.13017586484615415,0.15822827369871387,0.711595861455132
221,0.24386567287433308,0.1814054808807805,1.3443125956850297,0.46581803355579565,0.21751783907008312,0.3166641273741212
222,0.24355801202730093,0.1629447199899012,1.4947278564312847,0.14130483612566086,0.19661714391560767,0.6620780199587315
223,0.24512898737621924,0.21677563090309593,1.1307958664680255,0.6691758609285846,0.21898718324421296,0.1118369558272025
224,0.2652359000848964,0.23803905771756986,1.1142536969693235,0.8073138696055903,0.010901232544962182,0.18178489784944754
225,0.24707483967594668,0.16982615498151626,1.4548691849193554,0.3782536974321741,0.17611775805519567,0.44562854451263023
226,0.2095078178778155,0.2050025264342759,1.0219767605887724,0.28828444744338966,0.577457467262205,0.13425808529440508
227,0.22220014933303614,0.1753713270849391,1.2670266743514806,0.05377863988005801,0.42207210000414114,0.5241492601158009
228,0.23221700071433024,0.16546846730438852,1.4033912593579176,0.13856930522128424,0.3196012131116043,0.5418294816671114
229,0.25780341833079595,0.18619844704663566,1.3845626664449353,0.5202015404499887,0.0701858353787455,0.4096126241712658
230,0.23984201897517407,0.162279115936279,1.4779598569501151,0.16751387146494312,0.23893896478672844,0.5935471637483285
231,0.20329711496897848,0.22520606869876247,0.9027159709488576,0.3453446658443452,0.6491820657011058,0.005473268454549025
232,0.21622363948883494,0.20396428486916035,1.0601053984894402,0.3830862176181033,0.5115909266414544,0.10532285574044231
233,0.2283250075334765,0.18252270918161706,1.2509402723487104,0.3651835142740491,0.37880593697131576,0.25601054875463514
234,0.2039480569192718,0.20765878095721718,0.9821306663708582,0.19225711279498417,0.6306750813602545,0.17706780584476134
235,0.24643477229068092,0.1652635995442002,1.491161834610599,0.31826723185143757,0.17858904889524146,0.5031437192533209
236,0.24031573252833963,0.16638487398197366,1.4443364157872651,0.3095992362736002,0.24440779482860592,0.44599296889779383
237,0.19871194759814437,0.2119782873894761,0.9374165158389219,0.02628012935390415,0.6751515758233061,0.2985682948227898
238,0.23204250818491048,0.1745696430492563,1.3292259990440476,0.3322515487328536,0.33596550761815513,0.33178294364899125
239,0.2109079617920602,0.21336413268946938,0.9884883608765495,0.37689371790297577,0.5688683170940816,0.054237965002942624
240,0.24255876146212058,0.18116887104273674,1.3388545176996898,0.4586194128258461,0.23117601404526408,0.3102045731288898
241,0.23652396934888134,0.17034277213089966,1.3885177891030496,0.32982505899155046,0.2871056741447641,0.3830692668636854
242,0.25554905239571474,0.1892844869291085,1.3500792196004097,0.5427460731637874,0.09635740371847022,0.36089652311774234
243,0.23445096976373156,0.16766815004636307,1.3983035519799194,0.05542807077393274,0.2891243583242191,0.6554475709018482
244,0.22412248905072002,0.20753042153583878,1.0799500496943573,0.49125574178165404,0.433872720531616,0.07487153768672995
245,0.21991331631973432,0.1780192530764168,1.2353344512985571,0.16306725974656652,0.4550764995230018,0.3818562407304316
246,0.22925841038021144,0.19279634316283475,1.1891221929794644,0.44792501389456374,0.3748482769908334,0.1772267091146028
247,0.2369579937305012,0.17298476862030132,1.3698199883171218,0.3602979275585665,0.2846676690485417,0.35503440339289194
248,0.21047519493480554,0.20892991533382027,1.0073961624811665,0.33775545002930507,0.5706453190398141,0.09159923093088089
249,0.22422913504068867,0.17614221694625729,1.2730005272336453,0.24187306660279595,0.41408432062538036,0.3440426127718237
250,0.2191171909897811,0.2097273678451838,1.0447715681604732,0.4545338158416813,0.48549801959175176,0.05996816456656688
251,0.2655611772983644,0.2401207993955742,1.1059482475771698,0.8171073212352604,0.008099617904973449,0.1747930608597661
252,0.23393449832728289,0.16437472470385853,1.4231780387693116,0.15894207550602393,0.30246733260937964,0.5385905918845965
253,0.2373398547663084,0.17175522885131855,1.3818493699063088,0.3511479598821352,0.2798362719354112,0.36901576818245363
254,0.20447065436890866,0.20962610698214515,0.9754064382177569,0.23008441063091997,0.6278243855614708,0.14209120380760917
255,0.2423740534810609,0.1618330157618358,1.4976798914614222,0.19170198031002939,0.21324243767914552,0.5950555820108252
256,0.24108825299998068,0.23092424067724118,1.0440144884440503,0.7175327398388723,0.26649095385551147,0.015976306305616177
257,0.22106053777595006,0.2184468506575726,1.0119648651857862,0.5233489129728628,0.469529774457899,0.007121312569238187
258,0.2367855918081797,0.1925053408097596,1.2300208961068742,0.5010648656909267,0.2970562475660911,0.2018788867429822
259,0.2609951055514286,0.18066531428503738,1.4446331692626628,0.08538047316092741,0.0030340073230834415,0.9115855195159892
260,0.21754767141038375,0.18016286008260649,1.2075056496696153,0.10353034691548912,0.4763249561787665,0.42014469690574424
261,0.229587672240743,0.2016194114972174,1.1387180953254177,0.5039276858867161,0.37545541344988853,0.1206169006633953
262,0.23197802430686565,0.21937959258748252,1.057427546340069,0.6138017116476094,0.3576989875136972,0.02849930083869329
263,0.21417786931507682,0.21261333247843509,1.0073586017320924,0.41533655358064325,0.5362217508392735,0.048441695580083245
264,0.2572892414891931,0.18427745385721483,1.3962057544410753,0.506472907555717,0.07474534165051898,0.418781750793764
265,0.22009938022953746,0.18521074600370807,1.1883726240438062,0.28091276596633974,0.46185901520371464,0.2572282188299457
266,0.2293897297280294,0.20852565701024003,1.1000551827383276,0.540513903455888,0.3803386585130933,0.0791474380310188
267,0.25155262725212735,0.17938913260225686,1.4022735023189616,0.47010976626398165,0.13434115203575417,0.39554908170026415
268,0.24166889811841188,0.163239664488356,1.4804545137719902,0.2622588054756474,0.2261728889465379,0.5115683055778146
269,0.24899890607596797,0.1749683773927971,1.4231080483587915,0.43085836999674365,0.15914795006781166,0.40999367993544467
270,0.2130250064193657,0.20771333192228367,1.0255721404491716,0.36656737456074073,0.5451011141746386,0.08833151126462054
271,0.20873050593319223,0.21078793267140442,0.9902393523569516,0.32432152958052407,0.5885929208417569,0.08708554957771907
272,0.22046647047262813,0.1764298962337029,1.2495981416924569,0.09540644812842243,0.4440134620565857,0.46058008981499193
273,0.23762063729516922,0.1929133458612503,1.231748048505021,0.5084772948782321,0.28853955092469546,0.20298315419707239
274,0.2129430677770338,0.19071941356302077,1.1165253908809316,0.19867818754565095,0.5334490838448389,0.2678727286095101
275,0.21964532077375565,0.18064453043072515,1.2158979862276362,0.21205531500384694,0.4616471473488098,0.32629753764734326
276,0.24625073390891913,0.17530953322239526,1.4046625382119342,0.427619656510735,0.1887572219406206,0.3836231215486444
277,0.22426945438442425,0.20903014143303564,1.0729048588252075,0.5010825619244144,0.43301045941985883,0.06590697865572669
278,0.25088247290280064,0.16770564340044122,1.4959691744168258,0.11318975102899917,0.11495700411470737,0.7718532448562936
279,0.25505060035602584,0.17129039951718444,1.4889953031514664,0.3894251548596572,0.0903179427204805,0.5202569024198623
280,0.23196850734305696,0.18923191488307395,1.2258424139838666,0.4470863226113651,0.3453479857388219,0.207565691649813
281,0.24671945699654,0.16854730790084932,1.4637994523275133,0.3632539986510248,0.1788574548407664,0.4578885465082088
282,0.24023867715175384,0.1654618376624209,1.4519280128019272,0.08311439446842878,0.22832536684261173,0.6885602386889594
283,0.19472284476815738,0.2241597618399216,0.8686788528407436,0.13612206247619185,0.7266877193575161,0.1371902181662921
284,0.22669975521101907,0.1868589589946741,1.2132131979686374,0.3823221322372415,0.3977400965593244,0.21993777120343427
285,0.2245276514484967,0.18058816456295063,1.2433132148603756,0.30112891008393744,0.41526844689186604,0.2836026430241964
286,0.24389055234726623,0.19043096103528095,1.280729514892701,0.5245509893324275,0.22163520465481973,0.25381380601275283
287,0.1875852906963839,0.24369239092916084,0.7697626092515677,0.17088942459083026,0.8068145930718432,0.022295982337326537
288,0.22517999572430109,0.1765883202526741,1.2751692490312998,0.26518585203375283,0.4054974421576129,0.3293167058086344
289,0.19042706816212981,0.23544549571301154,0.8087946961374218,0.1541056830787559,0.7746927950046196,0.07120152191662442
290,0.2387917620447488,0.19266747878166868,1.2393983850037726,0.5136471103570808,0.2762047582157764,0.21014813142714303
291,0.2363183251727381,0.1691586741119766,1.3970216213465019,0.31431524583612314,0.28818077234036416,0.39750398182351265
292,0.2231215829483489,0.17544284549201014,1.2717622216091458,0.2049217851648912,0.4233543578084603,0.37172385702664845
293,0.2257897224988042,0.1742299101536339,1.2959297419123126,0.015600865125185485,0.3802293604749479,0.6041697743998667
294,0.22645117553351307,0.19667105630915604,1.1514209552906673,0.4475522844534667,0.40531320166925655,0.14713451387727677
295,0.2440466492598243,0.18167045502495624,1.343348037666881,0.46839697802994146,0.21574469446159503,0.31585832750846354
296,0.25577730020063244,0.17127107032605154,1.4934063278387004,0.3860488098929831,0.08217214984543278,0.5317790402615841
297,0.24963618242938096,0.18564384236575435,1.3447048889321591,0.5120487738894055,0.15829100398295712,0.32966022212763724
298,0.20943419529403753,0.2040766668631799,1.0262525280974404,0.278236114611814,0.5775065161806419,0.1442573692075441
299,0.2605076058112102,0.17328311011738187,1.5033640937927677,0.37943720558589233,0.0302966696266277,0.59026612478748
300,0.21942943205363752,0.17785208850915518,1.2337748400539141,0.1274358084741022,0.4576707241157105,0.41489346741018723
301,0.22192868192944495,0.19636581857269342,1.1301798018746747,0.399168517133491,0.4508229870890311,0.15000849577747788
302,0.2419491580881957,0.16593042516883774,1.4581361907679515,0.3128959821495041,0.22691146790816027,0.46019254994233566
303,0.22345753705293236,0.17314762157819652,1.2905608232800068,0.14605973535756928,0.4153078989039418,0.4386323657384889
304,0.25320852097768304,0.24916260334593215,1.0162380613198747,0.8395760840061884,0.14395525797070755,0.01646865802310399
305,0.2160340881739284,0.20727507575394927,1.0422579144555553,0.40341148127555887,0.5151682595809202,0.08142025914352106
306,0.2343749858641928,0.1781622349500232,1.315514401410254,0.3857068547801266,0.31462299739060323,0.2996701478292702
307,0.21287690264008022,0.20107542303267267,1.058691805440041,0.3120050958943511,0.5426338046828896,0.1453610994227593
308,0.21152355161528094,0.19964359326259165,1.0595058331627178,0.27493698383956733,0.5545650332682621,0.1704979828921705
309,0.22541943225160344,0.1784069907764553,1.2635123280233729,0.290670609879507,0.4048004569019627,0.3045289332185302
310,0.22444422070379774,0.2142664971601258,1.04750030302715,0.5312744157823444,0.4333675763171759,0.03535800790047972
311,0.24559535671607555,0.18232601609704738,1.3470121377815416,0.47861883703308367,0.19968592979957817,0.3216952331673381
312,0.22967653822201695,0.18805077485121197,1.2213538519250442,0.4198597052022845,0.3682098826374231,0.2119304121602924
313,0.20697633384690112,0.20054335258626277,1.0320777586376055,0.17781540955487254,0.5967024479379277,0.22548214250719975
314,0.25610425027565475,0.171108323952938,1.4967375307006934,0.1281891933278753,0.05935749609337409,0.8124533105787506
315,0.22901011506102753,0.2066318525842613,1.1083001589391486,0.5273918767408323,0.38348183860079627,0.08912628465837152
316,0.22703023271365924,0.1741918244597188,1.3033346049266457,0.26379324584550456,0.38529574901946056,0.3509110051350348
317,0.2637573365027719,0.1883246564492975,1.4005459586423463,0.5212937624527576,0.005594730732100519,0.47311150681514186
318,0.2653092830281336,0.23421130297779708,1.1327774520484375,0.7891234441730145,0.008745226497149705,0.20213132932983577
319,0.21459968891189318,0.18439673573533988,1.1637933180113496,0.06285408647756983,0.5053078591011115,0.4318380544213187
320,0.2283894886390703,0.17318533491627633,1.3187576693458574,0.2714260805462134,0.37110143475101,0.3574724847027766
321,0.2384542359839219,0.17749453337020002,1.3434455217084256,0.40941756002074464,0.2720846280794246,0.3184978118998308
322,0.21166052461186338,0.18902606481210885,1.119742532979529,0.1016632333452168,0.5401328884410375,0.35820387821374566
323,0.24186368725362167,0.21260170235168524,1.1376375851098846,0.6354029981659358,0.25193257059076324,0.11266443124330079
324,0.21857649773623833,0.18140286983815782,1.2049230419080232,0.0011094374547296914,0.4574983354928384,0.5413922270524318
325,0.23758574866481563,0.17378583161095554,1.367118058258543,0.37229837640704816,0.2787453509002955,0.34895627269265633
326,0.24369864893800555,0.1862426282703805,1.3085009119620694,0.4976738263228347,0.22171185646356512,0.2806143172136002
327,0.20820914066834878,0.19630073411849838,1.060664095849289,0.14218259095975555,0.5806495144722048,0.27716789456803975
328,0.2533659049017826,0.17381350848617266,1.4576882263551947,0.42139047871494806,0.1110054064939264,0.4676041147911256
329,0.21674817345953556,0.1818534575215892,1.191883709078249,0.1393716998808559,0.48768677694090945,0.3729415231782347
330,0.2508846403670274,0.17255119851564266,1.453972168986606,0.4101869898058716,0.13712046815348608,0.45269254204064235
331,0.25932335541271406,0.17020416902320884,1.5236016655817228,0.3334258547559423,0.03972299251527101,0.6268511527287867
332,0.24378409967996362,0.16880214767156568,1.4442002251907868,0.0505164810339364,0.1873790410511246,0.762104477914939
333,0.21896176334622558,0.17985537595774498,1.2174324074564677,0.1764575624613709,0.4664127808261487,0.3571296567124804
334,0.25277619522147127,0.16586597968444505,1.5239785500460687,0.3133871590764644,0.10934263006323038,0.5772702108603053
335,0.22420229976576103,0.1804325606529697,1.242582264278645,0.2947609138072837,0.41832676709970934,0.28691231909300685
336,0.23512232006410375,0.17422935326971278,1.3494988970092006,0.3575072297569315,0.30439866102877067,0.3380941092142978
337,0.2532880073081777,0.20810660115207674,1.217107030271875,0.6494195483259284,0.12888632654269494,0.22169412513137665
338,0.24952552295792357,0.1722382465672837,1.4487230794029717,0.4064139206846709,0.1516016193912103,0.4419844599241188
339,0.19194791984373688,0.2376864664650293,0.8075677286067866,0.22402331915926904,0.7633961441732451,0.012580536667485922
340,0.24020700513234916,0.18459935171695316,1.3012342833178494,0.47071811013143294,0.2576251070118977,0.2716567828566694
341,0.2305619854120856,0.20456539234658724,1.1270820678282343,0.527818404035702,0.36665696330936814,0.10552463265492977
342,0.22444777493206358,0.19935076680927094,1.1258937124972497,0.44537231346204187,0.426911702523761,0.12771598401419698
343,0.2267721564107737,0.20619647225559168,1.099786790385421,0.5069455840363074,0.40626358277151,0.08679083319218264
344,0.2425032163962405,0.19445566256056362,1.2470874501826985,0.542410062951277,0.23803888831963116,0.2195510487290919
345,0.2376382123189006,0.17276576707658936,1.3754936312906967,0.3631884150268896,0.2774949253571097,0.3593166596160007
346,0.24641947326682426,0.17215157706293607,1.4314099090520498,0.40010868361069785,0.18486914854402572,0.41502216784527646
347,0.23391821316464495,0.1796216807624227,1.302282732083093,0.3937686662369053,0.320186810504762,0.28604452325833274
348,0.24289280291978474,0.16628410088513523,1.4607097228590051,0.32255856588129717,0.21738323907922555,0.4600581950394773
349,0.1968232813842771,0.22411938801417444,0.878207294461419,0.20218882959391898,0.7088078193842122,0.08900335102186882
350,0.2108153849948195,0.22010889519318688,0.9577776709559576,0.42043840498178353,0.5731268862772325,0.006434708740983917
351,0.24068932185779643,0.1620053030961325,1.485687920444021,0.19366959456507676,0.2316893327277956,0.5746410727071276
352,0.2156968094600424,0.1841481494468197,1.171322167005179,0.16044301872361208,0.5006810322647324,0.3388759490116556
353,0.25476876942317234,0.16789472483715365,1.5174316505195773,0.1594955115047694,0.07620248753601105,0.7643020009592194
354,0.23660857328409834,0.16578326993242645,1.4272162286371863,0.2684066706717697,0.28159846330246413,0.4499948660257662
355,0.2261479600032424,0.18309348970081865,1.2351501977092483,0.3457020750940044,0.40099813070428864,0.25329979420170695
356,0.2222358019377924,0.18934139235891329,1.1737306838671857,0.35007719905773405,0.44381964702010007,0.20610315392216594
357,0.2298320037414809,0.19237919598031705,1.1946822137929913,0.45011948592301626,0.36878172327784187,0.18109879079914193
358,0.21244144623553812,0.18771919987929447,1.1316980168898032,0.048149261950945835,0.5276526248407982,0.42419811320825584
359,0.2191375476121278,0.19942456803083675,1.098849303152272,0.3877762910325536,0.4802898193214903,0.1319338896459562
360,0.2419878186584167,0.1668946653530572,1.4499434008061538,0.06664082064674368,0.20809517888801782,0.7252640004652385
361,0.22469662245644678,0.1749386737579472,1.2844308101211905,0.2323435617656023,0.4082944788457608,0.35936195938863685
362,0.23939983026751477,0.18445561191547438,1.297872305328494,0.46541334777589516,0.2659965191897887,0.26859013303431606
363,0.22684112392763464,0.1814379618371092,1.2502406973204834,0.33932729527462013,0.3929926156280427,0.26768008909733704
364,0.2299564490422261,0.17841055609867787,1.2889172819742711,0.34698628341783194,0.35972546608773454,0.2932882504944335
365,0.2498357858117926,0.1655279372440476,1.5093270052863945,0.13701546456869385,0.12810622335285343,0.7348783120784527
366,0.22847778569435262,0.18486703200554175,1.2359033582986476,0.38534855446453625,0.3786528464889787,0.23599859904648504
367,0.2186762384155189,0.1787178107533943,1.2235839141811202,0.11538363251859572,0.46495171933039625,0.41966464815100796
368,0.2240365023623035,0.18670883939071087,1.1999244550681394,0.35090230352126117,0.4243217031556992,0.22477599332303963
369,0.2551421291636788,0.1668467880682827,1.5292001249629144,0.19005127069293318,0.07442962669465868,0.735519102612408
370,0.23210803036347988,0.18779701255065878,1.2359516651036613,0.43863917516283146,0.3432014183701222,0.21815940646704637
371,0.2114950298114994,0.1936960049392221,1.0918915435445469,0.20434785894312452,0.549601523161021,0.2460506178958545
372,0.21084775401319253,0.192909969792244,1.0929852627122734,0.17218877392097837,0.5542299417044135,0.2735812843746082
373,0.2538611218508921,0.1808239210120247,1.4039133784407343,0.48216448062412415,0.11016634368864234,0.40766917568723365
374,0.2474143648137584,0.16818318362317242,1.4711004958028957,0.3601336393193767,0.17107611684383137,0.46879024383679196
375,0.23441226208132143,0.16812339812211144,1.3942869624313865,0.2812760605759062,0.30641665309079935,0.41230728633329444
376,0.2562807993287337,0.17686172540909076,1.449046133276956,0.4457890897723333,0.0811659006798102,0.4730450095478565
377,0.2599957593602764,0.17244014322640272,1.5077449745499159,0.370902624739376,0.03521888137344421,0.5938784938871798
378,0.22213254460407228,0.2037846506105609,1.090035701602349,0.4498519504718243,0.4523948649497998,0.09775318457837592
379,0.22998284611281117,0.1770329559828568,1.299096232314405,0.33445954779694087,0.3585029330504693,0.3070375191525899
380,0.2463897267459549,0.18305101693382345,1.346016705468671,0.48619232779382915,0.19162309045168432,0.3221845817544865
381,0.2578545669147185,0.18239149820737163,1.4137422492223208,0.4907987131296677,0.06743372755136691,0.44176755931896533
382,0.22809121609028088,0.17242971747102856,1.322806877118525,0.25605345671038476,0.37319293025943806,0.3707536130301772
383,0.22575874827215436,0.1975719965212337,1.1426657231147197,0.446763128003517,0.4127755372297314,0.14046133476675168
384,0.2652552539429216,0.2220821521245377,1.1944014924448931,0.7287367974652487,0.004820952040769857,0.2664422504939816
385,0.2455586433689598,0.167013812773181,1.4702894287100037,0.34176713813404125,0.18986129055448867,0.46837157131147
386,0.2203594787021536,0.1768441199328,1.2460661897375456,0.14047384598376259,0.4485423629100337,0.4109837911062038
387,0.2185788886349126,0.19936412516414742,1.096380246220049,0.38041194398528133,0.48580794011382655,0.1337801159008921
388,0.23716295594313203,0.19391491659617338,1.223025851265596,0.5117019693660093,0.2937518784829512,0.1945461521510395
389,0.2017757891241881,0.2155150458976838,0.9362491991393563,0.23096714761488146,0.6571625171294865,0.11187033525563218
390,0.21653585879098802,0.18156862593130685,1.1925841134740447,0.10304585887530769,0.48727928205456145,0.40967485907013096
391,0.24261820324767272,0.21218992897269198,1.1434011238059123,0.6367047397423294,0.24383410666866792,0.11946115358900279
392,0.2283235251836202,0.16875686885381536,1.352973225530773,0.1810386320851793,0.3650656013104921,0.4538957666043285
393,0.24498363199037554,0.23603824189062791,1.0378980542648366,0.7566160239931976,0.2270982306675455,0.01628574533925692
394,0.18526298974975827,0.24165626500215645,0.7666384719970122,0.03109797789276255,0.8215968699016164,0.1473051522056211
395,0.17692871788554612,0.26287636564589206,0.6730491630574282,0.04712641109256927,0.9133228604876209,0.039550728419809854
396,0.24503067232272996,0.18097046777174,1.3539815382020772,0.46713187195284855,0.2049615221128632,0.32790660593428816
397,0.233734285882912,0.22612758819154505,1.0336389635258638,0.6568484991314637,0.34183789415777655,0.001313606710759735
398,0.2341409513922863,0.1642637862230126,1.4253960460548805,0.1600068858825583,0.3003043424904154,0.5396887716270263
399,0.250862927269283,0.16614983155479413,1.509859654516421,0.3294158561983743,0.13132235937384257,0.5392617844277832
400,0.21878108442946453,0.20329690914814316,1.076165325612688,0.41007804346724763,0.4858278361649226,0.10409412036782985
401,0.21640683665051275,0.2003406706542307,1.08019423087592,0.3590729763043454,0.5078071055924662,0.13311991810318832
402,0.22279872345696347,0.1736743883060923,1.282853077128978,0.11247333999179443,0.41995501701078053,0.467571642997425
403,0.24193134411799125,0.1799440380589762,1.3444810215868273,0.4469327116988797,0.2371181035612939,0.31594918473982636
404,0.21600049012995462,0.21863017220743874,0.9879720074730168,0.47326014777279507,0.5207512128866136,0.005988639340591216
405,0.22677984031819412,0.197579357530447,1.1477911617525496,0.4562650676152189,0.40239405981082005,0.14134087257396097
406,0.2521192459056344,0.1785889445195475,1.4117293015192138,0.4641441453113088,0.1277407640088492,0.408115090679842
407,0.21669385909139502,0.19450755382312168,1.1140639776306518,0.31581793938695973,0.501458065503523,0.18272399510951734
408,0.2581193769006173,0.18413718453428143,1.4017775798704164,0.5041947404922035,0.06555804886620534,0.4302472106415912
409,0.26214138784065655,0.17222708455211258,1.522068311859147,0.23642949826006224,0.0018668808360272817,0.7617036209039104
410,0.20387567532347448,0.20759192617357825,0.9820982881241902,0.18924502973515164,0.6312362893913235,0.1795186808735249
411,0.24926872001582676,0.21899681901519502,1.1382298662453691,0.6937716887156545,0.17585796278249533,0.13037034850185014
412,0.2287168066287973,0.19362768311849185,1.1812195598541164,0.44857457566446907,0.3807798148082564,0.17064560952727453
413,0.19109334745794904,0.22835692668710683,0.836818704079793,0.038533292455759684,0.7588217618036289,0.20264494574061148
414,0.26508021606525417,0.21461173710689738,1.2351617839671958,0.689034722968807,0.0037563293165694452,0.3072089477146237
415,0.23838675309814214,0.1701172973620653,1.4013081373540581,0.3417876798717964,0.26776539002708,0.3904469301011236
416,0.24159164841211717,0.17625484062149235,1.3706951114661057,0.4170554640580064,0.2385759864654111,0.3443685494765826
417,0.2410926827452952,0.22544633468376565,1.0694016519872755,0.692761756814638,0.2645923350349871,0.042645908150374834
418,0.23227630858221102,0.16944858820960676,1.3707774790952332,0.2742993279794682,0.3290966317998195,0.3966040402207122
419,0.2356660463923722,0.1692001316257769,1.3928242497683112,0.3088182330840024,0.2948553090528976,0.39632645786309995
420,0.24638778934315397,0.16265019927534327,1.5148323853329873,0.17022547249818487,0.16804001317288375,0.6617345143289315
421,0.25292006128257655,0.18037493734929616,1.4021907089719272,0.4785583606665441,0.12011894634634203,0.40132269298711387
422,0.216144208716418,0.18284435381740013,1.1821213190551851,0.035561636458868215,0.48649209675752575,0.477946266783606
423,0.21904885706396868,0.2019541472804747,1.0846464903726527,0.404214207331772,0.48248117957578124,0.11330461309244683
424,0.2125320289178183,0.1877095013779202,1.1322390574674337,0.10782463050223311,0.5311267108927943,0.36104865860497254
425,0.23263767533477492,0.1673400566252769,1.3902091347782821,0.24425864117821247,0.32292721872957286,0.43281414009221464
426,0.2557428209190736,0.1678393400760851,1.523735858369915,0.3294215736817646,0.07831636594620286,0.5922620603720326
427,0.20232407364520455,0.20693769031299025,0.977705285775599,0.12204356230893595,0.6430698629001924,0.23488657479087163
428,0.22532793190562628,0.17132037134217507,1.3152430743661119,0.09407586863993829,0.39110785590948666,0.5148162754505751
429,0.22351728971880133,0.17641116405339324,1.2670246291847538,0.007731727892535194,0.40432513896666195,0.5879431331408028
430,0.2552193462289127,0.20007679751994334,1.2756069139075101,0.6085537412021685,0.10485486462772234,0.28659139417010926
431,0.2630051147092976,0.22354829428407091,1.176502444590731,0.7368688876708346,0.02986993586154899,0.2332611764676164
432,0.2589727702987484,0.22713856976091376,1.1401532138348116,0.7520585078154962,0.07480483197600113,0.17313666020850263
433,0.25011058829613075,0.2002716238452652,1.248856844988546,0.6008065775075097,0.1597685092583338,0.23942491323415646
434,0.22866337508162268,0.16886757160061158,1.35409879418669,0.1963792312185789,0.3625200915938685,0.44110067718755264
435,0.22021639255702866,0.18063445425688307,1.2191272892150216,0.2254837874796784,0.4564472130672252,0.31806899945309647
436,0.21481925666902205,0.1839745990116161,1.1676571538849143,0.08018636673127114,0.5042176664245401,0.4155959668441888
437,0.2048406998498192,0.20060984248615055,1.0210899789922359,0.07525473971586698,0.6122384132274966,0.3125068470566362
438,0.22621375194965487,0.17990829711916453,1.257383653627822,0.3172451531345221,0.39815762694021384,0.284597219925264
439,0.23642119828522176,0.20779780799054565,1.1377463533974257,0.5834010259292058,0.30716524123804406,0.10943373283275007
440,0.20187501164393679,0.21190065413698037,0.9526870620863557,0.1902171567101135,0.6530405368915543,0.1567423063983322
441,0.22350490348032068,0.1794195057518253,1.2457112873194216,0.2724626117500659,0.4242362489127393,0.3033011393371947
442,0.25780019591690817,0.1796542476328285,1.4349796863350084,0.4676999883930072,0.06629873973295579,0.46600127187403695
443,0.2509761370764152,0.17287943906051706,1.4517408110548073,0.4134329257949991,0.1363690976281372,0.4501979765768637
444,0.2230928607484581,0.21890276591922128,1.0191413516939436,0.5440575915868064,0.4490012892089566,0.006941119204236774
445,0.22404011603356988,0.20345325554023042,1.1011871765761383,0.46663329366554424,0.4329280675992057,0.10043863873524993
446,0.26294552431749835,0.19934021759053083,1.3190791476791732,0.6020346431334177,0.02044450460245494,0.37752085226412746
447,0.2343019458174241,0.172416666436098,1.358928638747707,0.3324269803596773,0.3114361312819355,0.35613688835838714
448,0.20159135959890379,0.2063761494449262,0.976815199533029,0.02212704377804597,0.6435645494727251,0.3343084067492289
449,0.24187455303130206,0.1665471027415868,1.452289166546432,0.32111965092064393,0.22833618799891686,0.4505441610804392
450,0.2287710281866467,0.17061266370364786,1.340879529224274,0.04466371533723014,0.3500169210187039,0.6053193636440659
451,0.24661735506727714,0.16289792531362363,1.5139379743018238,0.2674092368739607,0.17280647958003095,0.5597842835460083
452,0.2442870007107323,0.16789150549168763,1.455028948577908,0.06333439460791447,0.18287398022189513,0.7537916251701904
453,0.24549398702770872,0.19269403166192206,1.2740092929210343,0.5441049072241436,0.20567912757123288,0.2502159652046235
454,0.2592892554728736,0.17559158751756174,1.4766610356372618,0.42089031193037624,0.046627375004331104,0.5324823130652927
455,0.22964989511867775,0.18620331990663308,1.2333286819688813,0.4065071268300999,0.36750178890277596,0.22599108426712414
456,0.20420656684457528,0.21592100910342737,0.9457466306428718,0.2867710415939416,0.6349277013021463,0.0783012571039121
457,0.2017624103708024,0.20754226501909104,0.9721509512881293,0.10861013349414554,0.648167229739645,0.24322263676620945
458,0.22876433060703455,0.19360897707329744,1.1815791502293194,0.4488687599075227,0.38028557632903326,0.17084566376344412
459,0.22926981646219216,0.17875377629036865,1.2826012474822628,0.3427275401238543,0.3668656651287646,0.2904067947473812
460,0.24184523492110024,0.17540971110083867,1.3787448448738933,0.41139607184869126,0.23539869539007874,0.35320523276122995
461,0.19673937462387128,0.2187498167522773,0.8993807516952954,0.12030295785887755,0.7036019952445841,0.17609504689653827
462,0.2507735690947609,0.1761194424520391,1.4238835054400745,0.4428440643540924,0.14076657535715253,0.4163893602887551
463,0.22171089194544413,0.18350254627836535,1.2082169781400112,0.28908168330653905,0.4449646937776468,0.26595362291581415
464,0.25395006232689693,0.1825554358526143,1.3910846376106978,0.4953402532629507,0.11018454222414344,0.3944752045129058
465,0.24166146503182703,0.16187968515595963,1.4928461517515512,0.19761963597430732,0.22142479679088745,0.5809555672348052
466,0.2604882033318926,0.1700493612028713,1.5318387642816633,0.2725909801002015,0.02252553772376027,0.7048834821760382
467,0.22212928153748415,0.18783632668933753,1.1825682787380298,0.3360945369650611,0.44393212707012286,0.21997333596481597
468,0.2232003018121829,0.19480874644757773,1.1457406604289464,0.4024685791335264,0.43725691647058607,0.16027450439588753
469,0.2293802847179106,0.16740379606361214,1.3702215249094345,0.1489282644428517,0.3511880727887412,0.4998836627684072
470,0.2508910138207077,0.20504922352946872,1.223564808011335,0.6283821751037058,0.1533513838882565,0.21826644100803777
471,0.22188516959147975,0.20932197911648098,1.06001849651922,0.4804324578219106,0.4573664029965414,0.062201139181548015
472,0.24673887203305137,0.17142654094382226,1.4393271349616132,0.39392698278213806,0.18093797226776556,0.42513504495009646
473,0.25185515863383506,0.17456436721296212,1.4427638506922837,0.04556762280650015,0.09933981714394297,0.8550925600495569
474,0.2627496318461389,0.17364670493936554,1.513127657319421,0.3514277949449197,0.0038508892961218555,0.6447213157589584
475,0.2442671189313803,0.17468462394277426,1.3983321108525322,0.4157787463146238,0.2094190923367481,0.3748021613486281
476,0.22743623736640947,0.19176791712187216,1.1859973283324,0.42474625645790404,0.392909543832366,0.18234419970972993
477,0.18557752360539406,0.24056759466041827,0.7714153016633541,0.017724959352181907,0.8171813140533479,0.16509372659447014
478,0.24401966741225475,0.17963580426045286,1.3584133097344677,0.45370295459462395,0.2149400683572678,0.33135697704810835
479,0.2327160432698569,0.17921157906551882,1.2985547277878575,0.3803662116270169,0.33224380748314314,0.28738998088983997
480,0.24166125127956128,0.16837470892402726,1.4352586135047267,0.34279389692174467,0.23227227807502213,0.4249338250032331
481,0.21748977616728654,0.1819954548201653,1.195028614215636,0.17543594336465723,0.48232549248479395,0.34223856415054876
482,0.21923807737605505,0.18745485904079864,1.1695513175699486,0.2899790139260974,0.4718919549006315,0.23812903117327114
483,0.2357663833377791,0.17262676567065038,1.3657579832526723,0.3474372370125513,0.2966504386896092,0.35591232429783953
484,0.23172815693107338,0.17007508918819428,1.3625049855164724,0.03158498938068429,0.3169189344035864,0.6514960762157292
485,0.21984179154937203,0.17938439453154859,1.22553465212777,0.014681820635213363,0.4447683677903586,0.540549811574428
486,0.2237138183075535,0.1793438894602953,1.2474013972864193,0.27500148813072806,0.42215663787098817,0.30284187399828366
487,0.20471668472251758,0.21040820364238996,0.9729501092574048,0.24425789605302725,0.6262107747072165,0.1295313292397562
488,0.2125757243808274,0.1897710984101996,1.1201691203859423,0.17065757607525792,0.5353459806507266,0.29399644327401553
489,0.2620722029823009,0.19279545617142646,1.359327694680087,0.5601452864081852,0.026801382480273302,0.4130533311115415
490,0.22598958520030077,0.19298924503491544,1.170995747247029,0.4190217499317569,0.4081957348143721,0.17278251525387098
491,0.21680810214492893,0.19484514011149098,1.1127200915602549,0.32052157444249946,0.5005685160218296,0.17890990953567082
492,0.20715933572164424,0.19625202979803533,1.0555780540707462,0.042807376013909486,0.5846289461780001,0.37256367780809035
493,0.2348270377531314,0.17934022239381237,1.3093941482768756,0.3987130414759516,0.310684335358938,0.2906026231651104
494,0.2503653871111877,0.17448883429734502,1.4348504769339112,0.42823417848108325,0.14410890992303768,0.4276569115958791
495,0.23427245844405617,0.16507707530999616,1.4191701543301447,0.1099247779719973,0.2951345305254088,0.594940691502594
496,0.2332963170846385,0.1655655110358585,1.4090876513171315,0.21341960679080801,0.3134691026662579,0.47311129054293416
497,0.24403647974818002,0.16457324487007516,1.482844188560773,0.3008873948294236,0.20334145097999243,0.49577115419058393
498,0.2537713596395485,0.2036361531576097,1.2461999291605912,0.6264716177507275,0.12192174098924695,0.2516066412600256
499,0.23874824173391454,0.21946133818719504,1.0878829214568457,0.6535238855643782,0.2871268987352171,0.059349215700404724
